09:11:32,24.75,25.75,25.0,25.5,25.25,25.25,25.75,25.0,24.75,25.25,24.75,25.5,25.25,24.5,25.5,25.25
09:12:48,24.75,25.75,25.0,25.5,25.25,25.25,25.75,24.75,24.75,25.25,24.75,25.5,25.25,24.5,25.5,25.5
09:12:48,24.75,25.75,25.0,25.5,25.25,25.25,25.75,24.75,24.75,25.25,24.75,25.5,25.0,24.75,25.5,25.5
09:12:49,24.75,25.75,25.0,25.5,25.25,25.25,25.75,25.0,24.75,25.25,24.75,25.5,25.25,24.75,25.5,25.25
09:12:50,24.75,25.75,25.0,25.5,25.25,25.25,25.75,25.0,24.75,25.25,24.75,25.5,25.25,24.5,25.5,25.25
09:12:51,24.5,25.75,25.0,25.5,25.25,25.25,25.75,24.75,24.75,25.25,24.75,25.5,25.25,24.5,25.5,25.5
09:12:52,24.5,25.75,25.0,25.5,25.25,25.25,25.75,25.0,24.75,25.25,24.75,25.5,25.25,24.5,25.5,25.25
09:12:53,24.5,25.75,25.0,25.5,25.25,25.25,25.75,25.0,24.75,25.25,24.75,25.5,25.0,24.75,25.5,25.25
09:12:54,24.75,25.75,25.0,25.5,25.25,25.25,25.75,25.0,24.75,25.25,24.75,25.5,25.25,24.75,25.5,25.25
09:12:55,24.75,25.75,25.0,25.5,25.25,25.25,25.75,25.0,24.75,25.5,24.75,25.5,25.25,24.5,25.5,25.25
09:12:56,24.5,25.75,25.0,25.5,25.25,25.25,25.75,25.0,24.75,25.5,24.75,25.5,25.25,24.5,25.5,25.25
09:12:56,24.75,25.75,25.25,25.5,25.25,25.25,25.75,25.0,24.75,25.25,24.75,25.5,25.0,24.5,25.5,25.5
09:12:57,24.75,25.75,25.0,25.5,25.25,25.25,25.75,24.75,24.75,25.25,24.75,25.5,25.25,24.5,25.5,25.25
09:12:58,24.75,25.75,25.0,25.5,25.25,25.25,25.75,24.75,24.75,25.25,24.75,25.5,25.25,24.5,25.5,25.25
09:12:59,24.75,25.75,25.0,25.5,25.25,25.25,25.75,25.0,24.75,25.25,24.75,25.5,25.25,24.75,25.5,25.25
09:13:00,24.75,25.75,25.0,25.5,25.25,25.25,25.75,25.0,24.75,25.25,24.75,25.5,25.25,24.5,25.5,25.25
09:13:01,24.75,25.75,25.0,25.5,25.25,25.25,25.75,25.0,24.75,25.25,24.75,25.5,25.25,24.5,25.5,25.25
09:13:02,24.5,25.75,25.0,25.5,25.25,25.25,25.75,25.0,24.75,25.25,24.75,25.5,25.25,24.75,25.5,25.25
09:13:03,24.75,25.75,25.0,25.5,25.25,25.25,25.75,25.0,24.75,25.25,24.75,25.5,25.25,24.5,25.5,25.25
09:13:04,24.75,25.75,25.0,25.5,25.25,25.25,25.75,25.0,24.75,25.25,24.75,25.5,25.25,24.5,25.5,25.5
09:13:05,24.75,25.75,25.0,25.5,25.25,25.25,25.75,25.0,24.75,25.25,24.75,25.75,25.25,24.5,25.5,25.25
09:13:05,24.75,25.75,25.0,25.5,25.25,25.25,25.75,25.0,24.75,25.5,24.75,25.5,25.25,24.5,25.5,25.25
09:13:06,24.5,25.75,25.0,25.5,25.25,25.25,25.75,25.0,24.75,25.25,24.75,25.5,25.0,24.5,25.5,25.25
09:13:07,24.5,25.75,25.0,25.5,25.25,25.25,25.75,25.0,24.75,25.25,24.75,25.5,25.25,24.5,25.5,25.25
09:13:08,24.75,25.75,25.0,25.5,25.25,25.25,25.75,25.0,24.75,25.25,24.75,25.5,25.25,24.5,25.5,25.25
09:13:09,24.75,25.75,25.0,25.5,25.25,25.25,25.75,25.0,24.75,25.25,24.75,25.5,25.25,24.5,25.5,25.25
09:13:10,24.5,25.75,25.0,25.5,25.25,25.25,25.75,25.0,24.75,25.25,24.75,25.5,25.25,24.5,25.5,25.25
09:13:11,24.5,25.75,25.0,25.5,25.25,25.25,25.75,25.0,24.75,25.25,24.75,25.5,25.25,24.75,25.5,25.25
09:13:12,24.5,25.75,25.0,25.5,25.25,25.25,25.75,25.0,24.75,25.25,24.75,25.5,25.25,24.5,25.5,25.25
09:13:13,24.5,25.75,25.0,25.5,25.25,25.25,25.75,25.0,24.75,25.25,24.75,25.5,25.0,24.5,25.5,25.25
09:13:14,24.5,25.75,25.0,25.5,25.25,25.25,25.75,25.0,24.75,25.25,24.75,25.5,25.25,24.5,25.5,25.25
09:13:15,24.5,25.75,25.0,25.5,25.25,25.25,25.75,25.0,24.75,25.25,24.75,25.5,25.25,24.5,25.5,25.25
09:13:15,24.5,25.75,25.0,25.5,25.25,25.25,25.75,25.0,24.75,25.25,24.75,25.5,25.25,24.75,25.5,25.25
09:13:16,24.5,25.75,25.0,25.5,25.25,25.25,25.75,25.0,24.75,25.25,24.75,25.5,25.25,24.5,25.5,25.25
09:13:17,24.5,25.75,25.0,25.5,25.25,25.25,25.75,24.75,24.75,25.25,24.75,25.5,25.25,24.5,25.5,25.25
09:13:18,24.5,25.75,25.0,25.5,25.25,25.25,25.75,25.0,24.75,25.25,24.75,25.5,25.25,24.5,25.5,25.25
09:13:19,24.75,25.75,25.0,25.5,25.25,25.25,25.75,25.0,24.75,25.25,24.75,25.5,25.25,24.5,25.5,25.25
09:13:20,24.5,25.75,25.0,25.5,25.25,25.25,25.75,25.0,24.75,25.5,24.75,25.5,25.25,24.5,25.5,25.25
09:13:21,24.75,25.75,25.0,25.5,25.25,25.25,25.75,25.0,24.75,25.25,24.75,25.5,25.25,24.5,25.5,25.25
09:13:22,24.75,25.75,25.0,25.5,25.25,25.25,25.75,25.0,24.75,25.25,24.75,25.5,25.25,24.5,25.5,25.25
09:13:23,24.5,25.75,25.0,25.5,25.25,25.25,25.75,25.0,24.75,25.25,25.0,25.5,25.25,24.75,25.5,25.25
09:13:24,24.75,25.75,25.0,25.5,25.25,25.25,25.75,24.75,24.75,25.25,24.75,25.5,25.25,24.75,25.5,25.25
09:13:24,24.5,25.75,25.0,25.5,25.25,25.25,25.75,25.0,24.75,25.25,24.75,25.5,25.25,24.5,25.5,25.25
09:13:25,24.75,25.75,25.0,25.5,25.25,25.25,25.75,25.0,24.75,25.25,24.75,25.5,25.25,24.75,25.5,25.25
09:13:26,24.5,25.75,25.0,25.5,25.25,25.25,25.75,25.0,24.75,25.25,24.75,25.5,25.0,24.5,25.5,25.25
09:13:27,24.75,25.75,25.0,25.5,25.25,25.25,25.75,24.75,24.75,25.25,24.75,25.5,25.25,24.5,25.5,25.25
09:13:28,24.5,25.75,25.0,25.5,25.25,25.25,25.75,25.0,24.75,25.25,24.75,25.5,25.25,24.5,25.5,25.25
09:13:29,24.75,25.75,25.0,25.5,25.25,25.25,25.75,25.0,24.75,25.25,24.75,25.5,25.25,24.75,25.5,25.25
09:13:30,24.5,25.75,25.0,25.5,25.25,25.25,25.75,25.0,24.5,25.25,24.75,25.5,25.25,24.5,25.5,25.25
09:13:31,24.5,25.75,25.0,25.5,25.25,25.25,25.75,24.75,24.75,25.25,24.75,25.5,25.25,24.5,25.5,25.25
09:13:32,24.5,25.75,25.0,25.5,25.25,25.25,25.75,25.0,24.75,25.25,24.75,25.5,25.25,24.5,25.5,25.25
09:13:33,24.75,25.75,25.0,25.5,25.25,25.25,25.75,25.0,24.75,25.25,24.75,25.5,25.25,24.5,25.5,25.25
09:15:28,24.75,25.75,25.0,25.5,25.25,25.25,25.75,25.0,24.5,25.25,24.75,25.5,25.25,24.5,25.5,25.25
09:15:37,24.75,25.75,25.0,25.5,25.25,25.25,25.75,25.0,24.75,25.25,24.75,25.5,25.25,24.5,25.5,25.25
09:15:46,24.75,25.75,25.0,25.5,25.25,25.25,25.75,25.0,24.75,25.25,24.75,25.75,25.25,24.5,25.5,25.25
09:15:55,24.75,25.75,25.0,25.5,25.25,25.25,25.75,25.0,24.75,25.25,24.75,25.5,25.25,24.5,25.5,25.25
09:16:04,24.75,25.75,25.0,25.5,25.25,25.25,25.75,25.0,24.75,25.25,24.75,25.5,25.25,24.5,25.5,25.25
09:16:13,24.75,25.75,25.0,25.5,25.25,25.25,25.75,25.0,24.75,25.25,24.75,25.5,25.25,24.5,25.5,25.25
09:16:22,24.75,25.75,25.0,25.5,25.25,25.25,25.75,25.0,24.75,25.25,24.75,25.5,25.25,24.5,25.5,25.25
09:17:35,24.75,25.75,25.0,25.5,25.25,25.25,25.75,25.0,24.75,25.25,24.75,25.5,25.25,24.5,25.5,25.25
09:17:44,24.75,25.75,25.0,25.5,25.25,25.25,25.75,24.75,24.75,25.25,24.75,25.5,25.25,24.5,25.5,25.25
09:17:53,24.75,25.75,25.0,25.5,25.25,25.25,25.75,24.75,24.5,25.25,24.75,25.5,25.25,24.5,25.5,25.25
09:18:02,24.75,25.75,25.0,25.5,25.25,25.25,25.75,25.0,24.75,25.25,24.75,25.5,25.25,24.5,25.5,25.25
09:18:11,24.75,25.75,25.0,25.5,25.25,25.25,25.75,25.0,24.75,25.25,24.75,25.5,25.25,24.5,25.5,25.25
09:18:20,24.75,25.75,25.0,25.5,25.25,25.25,25.75,25.0,24.75,25.25,24.75,25.5,25.25,24.5,25.5,25.25
09:18:29,24.75,25.75,25.0,25.5,25.25,25.25,25.75,24.75,24.75,25.25,24.75,25.5,25.25,24.5,25.5,25.25
09:18:38,24.75,25.75,25.0,25.5,25.25,25.25,25.75,24.75,24.75,25.25,24.75,25.5,25.25,24.5,25.5,25.25
09:18:47,24.75,25.75,25.0,25.5,25.25,25.25,25.75,25.0,24.75,25.25,24.75,25.5,25.25,24.5,25.5,25.25
09:18:56,24.75,25.75,25.0,25.5,25.25,25.25,25.75,25.0,24.75,25.25,24.75,25.5,25.25,24.5,25.5,25.25
09:19:05,24.75,25.75,25.0,25.5,25.25,25.25,25.75,24.75,24.75,25.25,24.75,25.5,25.25,24.5,25.5,25.25
09:19:14,24.75,25.75,25.0,25.5,25.25,25.25,25.75,24.75,24.5,25.25,24.75,25.5,25.25,24.5,25.5,25.25
09:19:23,24.75,25.75,25.0,25.5,25.25,25.25,25.75,24.75,24.75,25.25,24.75,25.5,25.25,24.5,25.5,25.25
09:19:33,24.5,25.75,25.0,25.5,25.25,25.25,25.75,24.75,24.75,25.25,24.75,25.5,25.25,24.5,25.5,25.25
09:19:42,24.75,25.75,25.0,25.5,25.25,25.25,25.75,25.0,24.75,25.25,24.75,25.5,25.25,24.5,25.5,25.25
09:19:51,24.75,25.75,25.0,25.5,25.25,25.25,25.75,24.75,24.75,25.25,24.75,25.5,25.25,24.5,25.5,25.25
09:20:00,24.5,25.75,25.0,25.5,25.25,25.25,25.75,25.0,24.75,25.25,24.75,25.5,25.25,24.5,25.5,25.25
09:20:09,24.5,25.75,25.0,25.5,25.25,25.25,25.75,24.75,24.5,25.25,24.75,25.5,25.25,24.5,25.5,25.25
09:20:18,24.75,25.75,25.0,25.5,25.25,25.25,25.75,24.75,24.75,25.25,24.75,25.5,25.0,24.5,25.5,25.25
09:21:17,24.75,25.75,25.0,25.5,25.25,25.25,25.75,24.75,24.75,25.25,24.75,25.5,25.0,24.5,25.25,25.25
09:21:18,24.75,25.75,25.0,25.5,25.25,25.25,25.75,24.75,24.75,25.25,24.75,25.5,25.25,24.5,25.5,25.25
09:21:19,24.75,25.75,25.0,25.5,25.25,25.25,25.75,24.75,24.75,25.25,24.75,25.5,25.25,24.5,25.5,25.25
09:21:20,24.75,25.75,25.0,25.5,25.25,25.25,25.75,24.75,24.75,25.25,24.75,25.5,25.25,24.25,25.5,25.25
09:21:20,24.75,25.75,25.0,25.5,25.25,25.25,25.75,24.75,24.75,25.25,24.75,25.5,25.25,24.5,25.5,25.25
09:21:21,24.75,25.75,25.0,25.5,25.25,25.25,25.75,24.75,24.75,25.25,24.75,25.5,25.25,24.5,25.5,25.25
09:21:22,24.75,25.75,25.0,25.5,25.25,25.25,25.75,24.75,24.75,25.25,24.75,25.5,25.25,24.5,25.5,25.25
09:21:23,24.75,25.75,25.0,25.5,25.25,25.25,25.75,24.75,24.75,25.25,24.75,25.5,25.25,24.5,25.5,25.25
09:21:24,24.75,25.75,25.0,25.5,25.25,25.25,25.75,24.75,24.75,25.25,24.75,25.5,25.25,24.5,25.5,25.25
09:21:25,24.75,25.75,25.0,25.5,25.25,25.25,25.75,24.75,24.75,25.25,24.75,25.5,25.25,24.5,25.25,25.25
09:21:26,24.75,25.75,25.0,25.5,25.25,25.25,25.75,24.75,24.75,25.25,24.75,25.5,25.25,24.5,25.5,25.25
09:21:27,24.75,25.75,25.0,25.5,25.25,25.25,25.75,24.75,24.75,25.25,24.75,25.5,25.25,24.5,25.5,25.25
09:21:28,24.75,25.75,25.0,25.5,25.25,25.25,25.75,24.75,24.75,25.25,24.75,25.5,25.25,24.5,25.5,25.25
09:21:29,24.75,25.75,25.0,25.5,25.25,25.25,25.75,24.75,24.75,25.25,24.75,25.5,25.25,24.5,25.5,25.25
09:21:29,24.75,25.75,25.0,25.5,25.25,25.25,25.75,24.75,24.75,25.25,24.75,25.5,25.25,24.5,25.5,25.25
09:21:30,24.75,25.75,25.0,25.5,25.25,25.25,25.75,24.75,24.75,25.25,24.75,25.5,25.25,24.5,25.5,25.25
09:21:31,24.75,25.75,25.0,25.5,25.25,25.25,25.75,24.75,24.5,25.25,24.75,25.5,25.25,24.5,25.5,25.25
09:21:32,24.5,25.75,25.0,25.5,25.25,25.25,25.75,25.0,24.5,25.25,24.75,25.5,25.25,24.5,25.5,25.25
09:21:33,24.75,25.75,25.0,25.5,25.25,25.25,25.75,24.75,24.5,25.25,24.75,25.5,25.25,24.5,25.5,25.25
09:21:34,24.75,25.75,25.0,25.5,25.25,25.25,25.75,24.75,24.75,25.25,24.75,25.5,25.25,24.5,25.5,25.25
09:21:35,24.75,25.75,25.0,25.5,25.25,25.25,25.75,24.75,24.75,25.25,24.75,25.5,25.25,24.5,25.5,25.25
09:21:36,24.5,25.75,25.0,25.5,25.25,25.25,25.75,24.75,24.75,25.25,24.75,25.5,25.25,24.5,25.5,25.25
09:21:37,24.75,25.75,25.0,25.5,25.25,25.25,25.75,24.75,24.75,25.25,24.75,25.5,25.25,24.5,25.5,25.25
09:21:38,24.75,25.75,25.0,25.5,25.25,25.25,25.75,24.75,24.5,25.25,24.75,25.5,25.0,24.5,25.5,25.25
09:21:39,24.75,25.75,25.0,25.5,25.25,25.25,25.75,24.75,24.5,25.25,24.75,25.5,25.25,24.5,25.5,25.25
09:21:39,24.75,25.75,25.0,25.5,25.25,25.25,25.75,24.75,24.5,25.25,24.75,25.5,25.25,24.5,25.5,25.25
09:21:40,24.75,25.75,25.0,25.5,25.25,25.25,25.75,24.75,24.75,25.25,24.75,25.5,25.25,24.5,25.5,25.25
09:21:41,24.75,25.75,25.0,25.5,25.25,25.25,25.75,24.75,24.5,25.25,24.75,25.5,25.25,24.5,25.5,25.25
09:21:42,24.75,25.75,25.0,25.5,25.25,25.25,25.75,25.0,24.75,25.25,24.75,25.5,25.25,24.5,25.5,25.25
09:21:43,24.75,25.75,25.0,25.75,25.25,25.25,25.75,24.75,24.75,25.25,24.75,25.5,25.25,24.5,25.5,25.25
09:21:44,24.75,25.75,25.0,25.5,25.25,25.25,25.75,24.75,24.5,25.25,24.75,25.5,25.25,24.5,25.5,25.25
09:21:45,24.75,25.75,25.0,25.5,25.25,25.25,25.75,24.75,24.75,25.25,24.75,25.5,25.25,24.5,25.5,25.25
09:21:46,24.75,25.75,25.0,25.5,25.25,25.25,25.75,24.75,24.75,25.25,24.75,25.5,25.25,24.5,25.5,25.25
09:21:47,24.75,25.75,25.0,25.5,25.25,25.25,25.75,24.75,24.5,25.25,24.75,25.5,25.25,24.5,25.5,25.25
09:21:48,24.75,25.75,25.0,25.5,25.25,25.25,25.75,24.75,24.75,25.25,24.75,25.5,25.25,24.5,25.5,25.25
09:21:48,24.75,25.75,25.0,25.5,25.25,25.25,25.75,24.75,24.75,25.25,24.75,25.5,25.25,24.5,25.5,25.25
09:28:10,24.5,25.5,25.0,25.5,25.0,25.0,25.75,24.75,24.5,25.0,24.75,25.25,25.0,24.25,25.5,25.25
09:28:11,24.75,25.75,25.0,25.5,25.25,25.25,25.75,24.75,24.5,25.25,24.75,25.5,25.0,24.5,25.25,25.25
09:28:12,24.5,25.75,24.75,25.5,25.25,25.0,25.75,24.75,24.5,25.25,24.75,25.25,25.0,24.5,25.25,25.25
09:28:13,24.75,25.75,24.75,25.5,25.0,25.25,25.75,24.75,24.5,25.25,24.75,25.5,25.0,24.5,25.5,25.25
09:39:54,24.5,25.5,24.75,25.25,25.0,25.0,25.5,24.5,24.25,25.0,24.25,25.25,24.75,24.25,25.25,25.0
09:39:55,24.5,25.5,24.75,25.25,25.0,25.0,25.5,24.5,24.5,25.0,24.25,25.25,25.0,24.25,25.25,25.0
09:39:56,24.5,25.5,25.0,25.25,25.0,25.0,25.5,24.5,24.5,25.0,24.5,25.25,25.0,24.25,25.25,25.0
09:39:57,24.5,25.5,24.75,25.25,25.0,25.0,25.5,24.5,24.25,25.0,24.25,25.25,24.75,24.25,25.25,25.0
09:39:57,24.5,25.5,24.75,25.25,25.0,25.0,25.5,24.5,24.25,25.0,24.5,25.0,25.0,24.25,25.25,25.0
09:39:58,24.5,25.5,24.75,25.25,25.0,25.0,25.5,24.5,24.25,25.0,24.5,25.25,25.0,24.25,25.25,25.0
09:39:59,24.5,25.5,24.75,25.5,25.0,25.0,25.5,24.5,24.5,25.0,24.5,25.25,25.0,24.25,25.25,25.0
09:40:00,24.5,25.5,25.0,25.25,25.0,25.0,25.5,24.5,24.5,25.0,24.5,25.25,24.75,24.25,25.25,25.0
09:40:01,24.5,25.5,24.75,25.25,25.0,25.0,25.5,24.5,24.5,25.0,24.5,25.25,24.75,24.25,25.25,25.0
09:40:02,24.5,25.5,24.75,25.25,25.0,25.0,25.5,24.5,24.5,25.0,24.5,25.25,24.75,24.25,25.25,25.0
09:40:03,24.5,25.5,24.75,25.25,25.0,25.0,25.5,24.5,24.5,25.0,24.5,25.25,24.75,24.25,25.25,25.0
09:40:04,24.5,25.5,24.75,25.25,25.0,25.0,25.5,24.5,24.5,25.0,24.5,25.0,24.75,24.25,25.25,25.0
09:40:05,24.5,25.5,24.75,25.25,25.0,25.0,25.5,24.5,24.25,25.0,24.25,25.25,24.75,24.25,25.25,25.0
09:40:06,24.5,25.5,24.75,25.25,25.0,25.0,25.5,24.5,24.5,25.0,24.5,25.25,25.0,24.25,25.25,25.0
09:40:06,24.5,25.5,25.0,25.25,25.0,25.0,25.5,24.5,24.5,25.0,24.5,25.25,25.0,24.25,25.25,25.0
09:40:07,24.5,25.5,25.0,25.25,25.0,25.0,25.5,24.5,24.5,25.0,24.5,25.25,25.0,24.25,25.25,25.0
09:40:08,24.5,25.5,25.0,25.25,25.0,25.0,25.5,24.5,24.5,25.0,24.25,25.25,24.75,24.25,25.25,25.0
09:40:09,24.5,25.5,25.0,25.25,25.0,25.0,25.5,24.5,24.25,25.0,24.5,25.25,24.75,24.25,25.25,25.0
09:40:10,24.5,25.5,24.75,25.25,25.0,25.0,25.5,24.5,24.25,25.0,24.5,25.25,24.75,24.25,25.25,25.0
09:40:11,24.5,25.5,24.75,25.25,25.0,25.0,25.5,24.5,24.5,25.0,24.5,25.25,25.0,24.25,25.25,25.0
09:40:12,24.5,25.5,24.75,25.25,25.0,25.0,25.5,24.5,24.25,25.0,24.5,25.0,24.75,24.25,25.25,25.0
09:40:13,24.5,25.5,24.75,25.25,25.0,25.0,25.5,24.5,24.5,25.0,24.5,25.25,24.75,24.25,25.25,25.0
09:40:14,24.5,25.5,24.75,25.25,25.0,25.0,25.5,24.5,24.5,25.0,24.5,25.25,24.75,24.25,25.25,25.0
09:40:15,24.5,25.5,24.75,25.25,25.0,25.0,25.5,24.5,24.5,25.0,24.25,25.25,24.75,24.25,25.25,25.0
09:40:16,24.5,25.5,24.75,25.25,25.0,25.0,25.5,24.5,24.5,25.0,24.5,25.25,25.0,24.25,25.25,25.0
09:40:16,24.5,25.5,24.75,25.25,25.0,25.0,25.5,24.5,24.5,25.0,24.5,25.25,24.75,24.25,25.25,25.0
09:40:17,24.5,25.5,25.0,25.25,25.0,25.0,25.5,24.5,24.5,25.0,24.5,25.25,24.75,24.25,25.25,25.0
09:40:18,24.5,25.5,24.75,25.25,25.0,25.0,25.5,24.5,24.5,25.0,24.5,25.25,25.0,24.25,25.25,25.0
09:40:19,24.5,25.5,24.75,25.25,25.0,25.0,25.5,24.5,24.5,25.0,24.25,25.25,24.75,24.25,25.25,25.0
09:40:20,24.5,25.5,24.75,25.25,25.0,25.0,25.5,24.5,24.5,25.0,24.25,25.25,25.0,24.25,25.25,25.0
09:40:21,24.5,25.5,24.75,25.25,25.0,25.0,25.5,24.5,24.5,25.0,24.5,25.25,25.0,24.25,25.25,25.0
09:40:22,24.5,25.5,24.75,25.25,25.0,25.0,25.5,24.75,24.5,25.0,24.5,25.25,24.75,24.25,25.25,25.0
09:40:23,24.5,25.5,24.75,25.25,25.25,25.0,25.5,24.5,24.5,25.0,24.5,25.25,24.75,24.25,25.25,25.0
09:40:24,24.5,25.5,24.75,25.25,25.0,25.0,25.5,24.5,24.25,25.0,24.5,25.25,24.75,24.25,25.25,25.0
09:40:25,24.5,25.5,24.75,25.25,25.0,25.0,25.5,24.5,24.5,25.0,24.5,25.0,24.75,24.25,25.25,25.0
09:40:25,24.5,25.5,24.75,25.25,25.0,25.0,25.5,24.5,24.5,25.0,24.5,25.25,24.75,24.25,25.25,25.0
09:40:26,24.5,25.5,24.75,25.25,25.0,25.0,25.5,24.5,24.5,25.0,24.5,25.25,24.75,24.25,25.25,25.0
09:40:27,24.5,25.5,24.75,25.25,25.0,25.0,25.5,24.5,24.5,25.0,24.5,25.25,25.0,24.25,25.25,25.0
09:40:28,24.5,25.5,24.75,25.25,25.0,25.0,25.5,24.5,24.5,25.0,24.5,25.25,24.75,24.25,25.25,25.0
09:40:29,24.5,25.5,24.75,25.25,25.0,25.0,25.5,24.5,24.25,25.0,24.5,25.25,24.75,24.25,25.25,25.0
09:40:30,24.5,25.5,24.75,25.25,25.0,25.0,25.5,24.5,24.5,25.0,24.25,25.25,25.0,24.25,25.25,25.0
09:40:31,24.5,25.5,24.75,25.25,25.0,25.0,25.5,24.5,24.25,25.0,24.5,25.25,24.75,24.25,25.25,25.0
09:40:32,24.5,25.5,24.75,25.25,25.0,25.0,25.5,24.5,24.5,25.0,24.5,25.25,25.0,24.25,25.25,25.0
09:40:33,24.5,25.5,24.75,25.25,25.0,25.0,25.5,24.5,24.5,25.0,24.25,25.25,24.75,24.25,25.25,25.0
09:40:34,24.5,25.5,24.75,25.25,25.0,25.0,25.5,24.5,24.5,25.0,24.5,25.0,25.0,24.25,25.0,25.0
09:40:35,24.5,25.5,24.75,25.25,25.0,25.0,25.5,24.5,24.5,25.0,24.5,25.25,24.75,24.25,25.25,25.0
09:40:35,24.5,25.5,24.75,25.25,25.0,25.0,25.5,24.5,24.5,25.0,24.5,25.25,24.75,24.25,25.25,25.0
09:40:36,24.5,25.5,24.75,25.25,25.0,25.0,25.5,24.5,24.5,25.0,24.5,25.25,24.75,24.25,25.0,25.0
09:40:37,24.5,25.5,24.75,25.25,25.0,25.0,25.5,24.5,24.5,25.0,24.25,25.0,25.0,24.25,25.25,25.0
09:40:38,24.5,25.5,24.75,25.25,25.0,25.0,25.5,24.5,24.5,25.0,24.5,25.25,24.75,24.25,25.25,25.0
09:40:39,24.5,25.5,24.75,25.25,25.0,25.0,25.5,24.5,24.5,25.0,24.5,25.25,24.75,24.25,25.25,25.0
09:40:40,24.5,25.5,24.5,25.25,25.0,25.0,25.5,24.5,24.5,25.0,24.5,25.25,25.0,24.25,25.0,25.0
09:40:41,24.5,25.5,24.75,25.25,25.0,25.0,25.5,24.5,24.5,25.0,24.5,25.25,24.75,24.25,25.25,25.0
09:40:42,24.5,25.5,24.75,25.25,25.0,25.0,25.5,24.5,24.5,25.0,24.5,25.25,25.0,24.25,25.25,25.0
09:40:43,24.5,25.5,24.75,25.25,25.0,25.0,25.5,24.5,24.5,25.0,24.5,25.25,25.0,24.25,25.25,25.0
09:40:44,24.5,25.5,24.75,25.25,25.0,25.0,25.5,24.5,24.5,25.0,24.5,25.25,24.75,24.25,25.25,25.0
09:40:44,24.5,25.5,25.0,25.25,25.0,25.0,25.5,24.5,24.25,25.0,24.5,25.0,24.75,24.25,25.25,25.0
09:40:45,24.5,25.5,24.75,25.25,25.0,25.0,25.5,24.5,24.5,25.0,24.5,25.25,24.75,24.25,25.25,25.0
09:40:46,24.5,25.5,24.75,25.25,25.0,25.0,25.5,24.5,24.5,25.0,24.5,25.25,25.0,24.25,25.25,25.0
09:40:47,24.5,25.5,24.75,25.25,25.0,25.0,25.5,24.5,24.5,25.0,24.5,25.25,24.75,24.25,25.25,25.0
09:40:48,24.5,25.5,24.75,25.25,25.0,25.0,25.5,24.5,24.5,25.0,24.5,25.25,24.75,24.25,25.25,25.0
09:40:49,24.5,25.5,24.75,25.25,25.0,25.0,25.5,24.5,24.5,25.0,24.25,25.25,24.75,24.25,25.25,25.0
09:40:50,24.5,25.5,24.75,25.25,25.0,25.0,25.5,24.5,24.5,25.0,24.25,25.25,25.0,24.25,25.25,25.0
09:40:51,24.5,25.5,24.75,25.25,25.0,25.0,25.5,24.5,24.5,25.0,24.25,25.25,24.75,24.25,25.25,25.0
09:40:52,24.5,25.5,24.75,25.25,25.0,25.0,25.5,24.5,24.25,25.0,24.5,25.25,24.75,24.25,25.25,25.0
09:40:53,24.5,25.5,24.75,25.25,25.0,25.0,25.5,24.5,24.5,25.0,24.5,25.25,24.75,24.25,25.25,25.0
09:40:54,24.5,25.5,24.75,25.25,25.0,25.0,25.5,24.5,24.5,25.0,24.5,25.25,25.0,24.25,25.25,25.0
09:40:54,24.5,25.5,25.0,25.25,25.0,25.0,25.5,24.5,24.5,25.0,24.25,25.25,25.0,24.25,25.25,25.0
09:40:55,24.5,25.5,24.75,25.25,25.0,25.0,25.5,24.5,24.5,25.0,24.25,25.0,25.0,24.25,25.25,25.0
09:40:56,24.5,25.5,25.0,25.5,25.0,25.0,25.5,24.5,24.5,25.0,24.25,25.0,25.0,24.25,25.0,25.0
09:40:57,24.5,25.5,24.75,25.25,25.0,25.0,25.5,24.5,24.25,25.0,24.5,25.25,24.75,24.25,25.25,25.0
09:40:58,24.5,25.5,24.75,25.25,25.0,25.0,25.5,24.5,24.25,25.0,24.5,25.25,25.0,24.25,25.25,25.0
09:40:59,24.5,25.5,24.75,25.25,25.0,25.0,25.5,24.75,24.5,25.0,24.5,25.25,24.75,24.25,25.25,24.75
09:41:00,24.5,25.5,24.75,25.25,25.0,25.0,25.5,24.5,24.5,25.0,24.5,25.25,24.75,24.25,25.25,25.0
09:41:01,24.5,25.5,24.75,25.25,25.0,25.0,25.5,24.75,24.5,25.0,24.5,25.25,24.75,24.25,25.25,25.0
09:41:02,24.5,25.5,24.75,25.25,25.0,25.0,25.5,24.5,24.5,25.0,24.5,25.25,24.75,24.25,25.25,25.0
09:41:03,24.5,25.5,24.75,25.25,25.0,25.0,25.5,24.5,24.5,25.0,24.25,25.25,24.75,24.25,25.25,25.0
09:41:03,24.5,25.5,25.0,25.25,25.0,25.0,25.5,24.5,24.5,25.0,24.5,25.25,24.75,24.25,25.25,25.0
09:41:04,24.5,25.5,24.75,25.25,25.0,25.0,25.5,24.5,24.25,25.0,24.5,25.25,25.0,24.25,25.25,25.0
09:41:05,24.5,25.5,25.0,25.25,25.0,25.0,25.5,24.5,24.5,25.0,24.5,25.25,25.0,24.25,25.25,25.0
09:41:06,24.5,25.5,24.75,25.25,25.0,25.0,25.5,24.5,24.5,25.0,24.5,25.25,24.75,24.25,25.0,25.0
09:41:07,24.5,25.5,24.75,25.25,25.0,25.0,25.5,24.5,24.5,25.0,24.25,25.25,24.75,24.25,25.25,25.0
09:41:08,24.5,25.5,24.75,25.25,25.0,25.0,25.5,24.5,24.5,25.0,24.5,25.25,25.0,24.25,25.25,25.0
09:41:09,24.5,25.5,24.75,25.25,25.0,25.0,25.5,24.5,24.5,25.0,24.25,25.25,25.0,24.25,25.25,25.0
09:41:10,24.5,25.5,24.75,25.25,25.0,25.0,25.5,24.5,24.5,25.0,24.5,25.25,25.0,24.25,25.25,25.0
09:41:11,24.5,25.5,24.75,25.25,25.0,25.0,25.5,24.5,24.5,25.0,24.5,25.25,24.75,24.25,25.25,25.0
09:41:12,24.5,25.5,24.75,25.25,25.0,25.0,25.5,24.5,24.5,25.0,24.25,25.25,24.75,24.25,25.25,25.0
09:41:13,24.5,25.5,24.75,25.25,25.0,25.0,25.5,24.5,24.5,25.0,24.5,25.0,24.75,24.25,25.25,25.0
09:41:13,24.5,25.5,24.75,25.25,25.0,25.0,25.5,24.5,24.5,25.0,24.5,25.25,24.75,24.25,25.25,25.0
09:41:14,24.5,25.5,24.75,25.25,25.0,25.0,25.5,24.5,24.5,25.0,24.5,25.25,24.75,24.25,25.0,25.0
09:41:15,24.5,25.5,24.75,25.25,25.0,25.0,25.5,24.5,24.5,25.0,24.5,25.25,25.0,24.25,25.25,25.0
09:41:16,24.5,25.5,24.75,25.25,25.0,25.0,25.5,24.5,24.5,25.0,24.5,25.25,25.0,24.25,25.25,25.0
09:41:17,24.5,25.5,25.0,25.25,25.0,25.0,25.5,24.5,24.25,25.0,24.5,25.25,24.75,24.25,25.25,25.0
09:41:18,24.5,25.5,24.75,25.25,25.0,25.0,25.5,24.5,24.25,25.0,24.25,25.25,24.75,24.25,25.25,25.0
09:41:19,24.5,25.5,24.75,25.25,25.0,25.0,25.5,24.5,24.5,25.0,24.5,25.25,24.75,24.25,25.25,25.0
09:41:20,24.5,25.5,24.75,25.25,25.0,25.0,25.5,24.5,24.5,25.0,24.5,25.25,24.75,24.25,25.25,25.0
09:41:21,24.5,25.5,24.75,25.25,25.0,25.0,25.5,24.5,24.5,25.0,24.5,25.25,24.75,24.25,25.25,25.0
09:41:22,24.5,25.5,24.75,25.25,25.0,25.0,25.5,24.5,24.25,25.0,24.5,25.25,24.75,24.25,25.25,25.0
09:41:22,24.5,25.5,24.75,25.25,25.0,25.0,25.5,24.5,24.25,25.0,24.5,25.25,24.75,24.25,25.25,25.0
09:41:23,24.5,25.5,24.75,25.25,25.0,25.0,25.5,24.5,24.5,25.0,24.5,25.0,25.0,24.25,25.25,25.0
09:41:24,24.5,25.5,24.75,25.25,25.0,25.0,25.5,24.5,24.5,25.0,24.5,25.25,24.75,24.25,25.25,25.0
09:41:25,24.5,25.5,24.75,25.25,25.0,25.0,25.5,24.5,24.5,25.0,24.5,25.25,25.0,24.25,25.25,25.0
09:41:26,24.5,25.5,25.0,25.25,25.0,25.0,25.5,24.5,24.5,25.0,24.25,25.25,24.75,24.25,25.25,25.0
09:41:27,24.5,25.5,24.75,25.25,25.0,25.0,25.5,24.5,24.5,25.0,24.5,25.25,25.0,24.25,25.25,25.0
09:41:28,24.5,25.5,24.75,25.25,25.0,25.0,25.5,24.5,24.25,25.0,24.5,25.25,25.0,24.25,25.25,25.0
09:41:29,24.5,25.5,24.75,25.25,25.0,25.0,25.5,24.5,24.5,25.0,24.5,25.25,24.75,24.25,25.25,25.0
09:41:30,24.5,25.5,24.75,25.25,25.0,25.0,25.5,24.5,24.5,25.0,24.5,25.25,25.0,24.25,25.25,25.0
09:41:31,24.5,25.5,24.75,25.25,25.0,25.0,25.5,24.5,24.5,25.0,24.5,25.25,25.0,24.0,25.25,25.0
09:41:32,24.5,25.5,24.75,25.25,25.0,25.0,25.5,24.5,24.5,25.0,24.25,25.25,24.75,24.25,25.25,25.0
09:41:32,24.5,25.5,24.75,25.25,25.0,25.0,25.5,24.5,24.5,25.0,24.5,25.25,24.75,24.25,25.25,25.0
09:41:33,24.5,25.5,24.75,25.25,25.0,25.0,25.5,24.5,24.5,25.0,24.5,25.0,24.75,24.25,25.25,25.0
09:41:34,24.5,25.5,24.75,25.25,25.0,25.0,25.5,24.5,24.25,25.0,24.25,25.25,24.75,24.25,25.25,25.0
09:41:35,24.5,25.5,24.75,25.25,25.0,25.0,25.5,24.5,24.5,25.0,24.5,25.25,25.0,24.25,25.25,25.0
09:41:36,24.5,25.5,25.0,25.25,25.0,25.0,25.5,24.5,24.25,25.0,24.25,25.25,24.75,24.25,25.0,25.0
09:41:37,24.5,25.5,24.75,25.25,25.0,25.0,25.5,24.5,24.5,25.0,24.25,25.25,24.75,24.25,25.25,25.0
09:41:38,24.5,25.5,24.75,25.25,25.0,25.0,25.5,24.5,24.5,25.0,24.5,25.0,25.0,24.25,25.25,25.0
09:41:39,24.5,25.5,24.75,25.25,25.0,25.0,25.5,24.5,24.5,25.0,24.5,25.25,24.75,24.25,25.0,25.0
09:41:40,24.5,25.5,24.75,25.25,25.0,25.0,25.5,24.5,24.5,25.0,24.5,25.25,25.0,24.25,25.25,25.0
09:41:41,24.5,25.5,24.75,25.25,25.0,25.0,25.5,24.5,24.5,25.0,24.5,25.25,24.75,24.25,25.25,25.0
09:41:41,24.5,25.5,24.75,25.25,25.0,25.0,25.5,24.5,24.25,25.0,24.5,25.25,25.0,24.25,25.25,25.0
09:41:42,24.5,25.5,24.75,25.25,25.0,25.0,25.5,24.5,24.25,25.0,24.5,25.25,25.0,24.25,25.0,25.0
09:41:43,24.5,25.5,24.75,25.25,25.0,25.0,25.5,24.5,24.25,25.0,24.5,25.25,25.0,24.25,25.0,25.0
09:41:44,24.5,25.5,24.75,25.25,25.0,25.0,25.5,24.5,24.25,25.0,24.5,25.25,25.0,24.25,25.25,25.0
09:41:45,24.5,25.5,24.75,25.25,25.0,25.0,25.5,24.5,24.5,25.0,24.5,25.25,24.75,24.0,25.25,25.0
09:41:46,24.5,25.5,24.75,25.5,25.0,25.0,25.5,24.5,24.5,25.0,24.5,25.25,25.0,24.25,25.25,25.0
09:41:47,24.5,25.5,24.75,25.25,25.0,25.0,25.5,24.5,24.5,25.0,24.5,25.25,24.75,24.25,25.25,25.0
09:41:48,24.5,25.5,24.75,25.25,25.0,25.0,25.5,24.75,24.25,25.0,24.5,25.25,24.75,24.25,25.25,25.0
09:41:49,24.5,25.5,24.75,25.25,25.25,25.0,25.5,24.5,24.25,25.0,24.5,25.25,24.75,24.25,25.25,25.0
09:41:50,24.5,25.5,24.75,25.25,25.0,25.0,25.5,24.5,24.5,25.0,24.5,25.25,24.75,24.25,25.25,25.0
09:41:50,24.5,25.5,24.75,25.25,25.0,25.0,25.5,24.5,24.5,25.0,24.5,25.25,24.75,24.25,25.25,25.0
09:41:51,24.5,25.5,24.75,25.25,25.0,25.0,25.5,24.5,24.5,25.0,24.5,25.25,24.75,24.25,25.0,25.0
09:41:52,24.5,25.5,24.75,25.5,25.0,25.0,25.5,24.5,24.5,25.0,24.25,25.25,24.75,24.25,25.25,25.0
09:41:53,24.5,25.5,24.75,25.25,25.0,25.0,25.5,24.5,24.25,25.0,24.5,25.25,24.75,24.25,25.25,25.0
09:41:54,24.5,25.5,24.75,25.25,25.0,25.0,25.5,24.75,24.25,25.0,24.5,25.25,25.0,24.25,25.25,25.0
09:41:55,24.5,25.5,24.75,25.25,25.0,25.0,25.5,24.5,24.5,25.0,24.5,25.25,25.0,24.25,25.25,25.0
09:41:56,24.5,25.5,24.75,25.25,25.0,25.0,25.5,24.5,24.25,25.0,24.5,25.25,25.0,24.25,25.25,25.0
09:41:57,24.5,25.5,25.0,25.25,25.0,25.0,25.5,24.5,24.5,25.0,24.5,25.25,24.75,24.25,25.25,25.0
09:41:58,24.5,25.5,24.75,25.25,25.25,25.0,25.5,24.5,24.5,25.0,24.5,25.25,24.75,24.25,25.25,25.0
09:41:59,24.5,25.5,24.75,25.25,25.0,25.0,25.5,24.5,24.25,25.0,24.5,25.0,24.75,24.25,25.25,25.0
09:42:00,24.5,25.5,25.0,25.25,25.0,25.0,25.5,24.5,24.5,25.0,24.5,25.25,24.75,24.25,25.25,25.0
09:42:00,24.5,25.5,24.75,25.25,25.0,25.0,25.5,24.5,24.5,25.0,24.5,25.25,25.0,24.25,25.25,25.0
09:42:01,24.5,25.5,24.75,25.25,25.0,25.0,25.5,24.5,24.5,25.0,24.25,25.25,24.75,24.25,25.25,25.0
09:42:02,24.5,25.5,24.75,25.25,25.0,25.0,25.5,24.5,24.25,25.0,24.25,25.25,24.75,24.25,25.25,25.0
09:42:03,24.5,25.5,25.0,25.25,25.0,25.0,25.5,24.5,24.5,25.0,24.5,25.25,24.75,24.25,25.25,25.0
09:42:04,24.5,25.5,24.75,25.25,25.0,25.0,25.5,24.5,24.5,25.0,24.5,25.25,25.0,24.25,25.25,25.0
09:42:05,24.5,25.5,24.75,25.25,25.0,25.0,25.5,24.5,24.25,25.0,24.5,25.25,24.75,24.25,25.25,25.0
09:42:06,24.5,25.5,24.75,25.25,25.0,25.0,25.5,24.5,24.5,25.0,24.25,25.25,24.75,24.25,25.25,25.0
09:42:07,24.5,25.5,24.75,25.25,25.0,25.0,25.5,24.5,24.5,25.0,24.5,25.25,25.0,24.25,25.25,25.0
09:42:08,24.5,25.5,24.75,25.25,25.0,25.0,25.5,24.5,24.25,25.0,24.5,25.25,25.0,24.25,25.0,25.0
09:42:09,24.5,25.5,25.0,25.25,25.0,25.0,25.5,24.5,24.25,25.0,24.5,25.25,24.75,24.25,25.25,25.0
09:42:09,24.5,25.5,24.75,25.25,25.0,25.0,25.5,24.5,24.5,25.0,24.5,25.25,24.75,24.25,25.0,25.0
09:42:10,24.5,25.5,24.75,25.25,25.0,25.0,25.5,24.5,24.5,25.0,24.5,25.25,24.75,24.25,25.25,25.0
09:42:11,24.5,25.5,24.75,25.25,25.0,25.0,25.5,24.5,24.25,25.0,24.5,25.25,25.0,24.25,25.25,25.0
09:42:12,24.5,25.5,24.75,25.25,25.0,25.0,25.5,24.5,24.5,25.0,24.5,25.0,24.75,24.25,25.25,25.0
09:42:13,24.5,25.5,24.75,25.25,25.0,25.0,25.5,24.5,24.5,25.0,24.5,25.0,24.75,24.25,25.25,25.0
09:42:14,24.5,25.5,24.75,25.25,25.0,25.0,25.5,24.5,24.25,25.0,24.25,25.25,24.75,24.25,25.25,25.0
09:42:15,24.5,25.5,24.75,25.25,25.0,25.0,25.5,24.5,24.25,25.0,24.25,25.25,25.0,24.25,25.25,25.0
09:42:16,24.5,25.5,24.75,25.25,25.0,25.0,25.5,24.5,24.5,25.0,24.5,25.0,24.75,24.25,25.25,25.0
09:42:17,24.5,25.5,24.75,25.25,25.0,25.0,25.5,24.5,24.25,25.0,24.5,25.25,24.75,24.25,25.25,25.0
09:42:18,24.5,25.5,24.75,25.25,25.0,25.0,25.5,24.5,24.5,25.0,24.5,25.25,24.75,24.0,25.25,25.0
09:42:18,24.5,25.5,24.75,25.25,25.0,25.0,25.5,24.5,24.5,25.0,24.5,25.25,24.75,24.25,25.25,25.0
09:42:19,24.5,25.5,24.75,25.25,25.0,25.0,25.5,24.5,24.5,25.0,24.5,25.25,25.0,24.25,25.25,25.0
09:42:20,24.5,25.5,24.75,25.25,25.0,25.0,25.5,24.5,24.25,25.0,24.25,25.25,25.0,24.25,25.25,25.0
09:42:21,24.5,25.5,25.0,25.25,25.0,25.0,25.5,24.5,24.5,25.0,24.5,25.0,24.75,24.25,25.25,25.0
09:42:22,24.5,25.5,24.75,25.25,25.0,25.0,25.5,24.5,24.5,25.0,24.25,25.25,24.75,24.25,25.25,25.0
09:42:23,24.5,25.5,24.75,25.25,25.0,25.0,25.5,24.5,24.25,25.0,24.25,25.25,25.0,24.25,25.25,25.0
09:42:24,24.5,25.5,24.75,25.25,25.0,25.0,25.5,24.5,24.5,25.0,24.25,25.25,24.75,24.25,25.25,25.0
09:42:25,24.5,25.5,24.75,25.25,25.0,25.0,25.5,24.5,24.5,25.0,24.5,25.25,25.0,24.25,25.25,25.0
09:42:26,24.5,25.5,25.0,25.25,25.0,25.0,25.5,24.5,24.5,25.0,24.25,25.25,25.0,24.25,25.25,25.0
09:42:27,24.5,25.5,24.75,25.25,25.0,25.0,25.5,24.5,24.5,25.0,24.5,25.0,24.75,24.25,25.0,25.0
09:42:28,24.5,25.5,25.0,25.25,25.0,25.0,25.5,24.5,24.5,25.0,24.5,25.25,24.75,24.25,25.25,25.0
09:42:28,24.25,25.5,24.75,25.25,25.0,25.0,25.5,24.5,24.25,25.0,24.25,25.25,24.75,24.25,25.25,25.0
09:42:29,24.5,25.5,24.75,25.25,25.0,25.0,25.5,24.5,24.5,25.0,24.5,25.25,24.75,24.25,25.25,25.0
09:42:30,24.5,25.5,24.75,25.25,25.0,25.0,25.5,24.5,24.25,25.0,24.5,25.25,24.75,24.25,25.25,25.0
09:42:31,24.5,25.5,24.75,25.25,25.0,25.0,25.5,24.5,24.5,25.0,24.5,25.25,24.75,24.25,25.25,25.0
09:42:32,24.5,25.5,25.0,25.25,25.0,25.0,25.5,24.5,24.25,25.0,24.5,25.25,25.0,24.25,25.0,25.0
09:42:33,24.5,25.5,25.0,25.25,25.0,25.0,25.5,24.5,24.25,25.0,24.25,25.25,24.75,24.25,25.25,25.0
09:43:49,24.5,25.5,24.5,25.25,25.0,25.0,25.5,24.5,24.5,25.0,24.5,25.25,24.75,24.25,25.25,25.0
09:43:50,24.5,25.5,24.75,25.25,25.0,25.0,25.5,24.5,24.5,25.0,24.5,25.25,24.75,24.25,25.0,25.0
09:43:51,24.5,25.5,24.75,25.25,25.0,25.0,25.5,24.5,24.25,25.0,24.5,25.25,24.75,24.25,25.25,25.0
09:43:51,24.5,25.5,25.0,25.25,25.0,25.0,25.5,24.5,24.25,25.0,24.5,25.25,24.75,24.25,25.25,25.0
09:43:52,24.5,25.5,25.0,25.25,25.0,25.0,25.5,24.5,24.5,25.0,24.5,25.25,24.75,24.25,25.25,25.0
09:43:53,24.5,25.5,25.0,25.25,25.0,25.0,25.5,24.5,24.5,25.0,24.5,25.25,24.75,24.25,25.25,25.0
09:43:54,24.5,25.5,24.75,25.25,25.0,25.0,25.5,24.5,24.25,25.0,24.5,25.25,24.75,24.25,25.0,25.0
09:43:55,24.5,25.5,24.75,25.25,25.0,25.0,25.5,24.5,24.5,25.0,24.5,25.25,24.75,24.25,25.25,25.0
09:43:56,24.5,25.5,25.0,25.25,25.0,25.0,25.5,24.5,24.5,25.0,24.5,25.25,24.75,24.25,25.0,25.0
09:43:57,24.5,25.5,24.75,25.25,25.0,25.0,25.5,24.5,24.5,25.0,24.5,25.25,25.0,24.25,25.25,25.0
09:43:58,24.5,25.5,24.75,25.25,25.0,25.0,25.5,24.5,24.25,25.0,24.5,25.25,24.75,24.25,25.25,25.0
09:43:59,24.5,25.5,24.75,25.25,25.0,25.0,25.5,24.5,24.5,25.0,24.5,25.25,24.75,24.25,25.25,25.0
09:44:00,24.5,25.5,25.0,25.25,25.0,25.0,25.5,24.5,24.5,25.0,24.5,25.25,25.0,24.25,25.25,25.0
09:44:00,24.5,25.5,25.0,25.25,25.0,25.0,25.5,24.5,24.5,25.0,24.5,25.25,24.75,24.25,25.25,25.0
09:44:01,24.5,25.5,24.75,25.25,25.0,25.0,25.5,24.5,24.5,25.0,24.5,25.25,24.75,24.25,25.25,25.0
09:44:02,24.5,25.5,24.75,25.25,25.0,25.0,25.5,24.5,24.5,25.0,24.5,25.25,24.75,24.25,25.25,25.0
09:44:03,24.5,25.5,25.0,25.25,25.0,25.0,25.5,24.5,24.25,25.0,24.5,25.25,25.0,24.25,25.0,25.0
09:44:04,24.5,25.5,24.75,25.25,25.0,25.0,25.5,24.5,24.5,25.0,24.5,25.25,24.75,24.25,25.0,25.0
09:44:05,24.5,25.5,24.75,25.25,25.0,25.0,25.5,24.5,24.5,25.0,24.5,25.25,25.0,24.25,25.25,25.0
09:44:06,24.5,25.5,24.75,25.25,25.0,25.0,25.5,24.5,24.5,25.0,24.5,25.25,25.0,24.25,25.25,25.0
09:44:07,24.5,25.5,25.0,25.25,25.0,25.0,25.5,24.5,24.5,25.0,24.5,25.25,24.75,24.25,25.25,24.75
09:44:08,24.5,25.5,25.0,25.25,25.0,25.0,25.5,24.5,24.25,25.0,24.5,25.25,24.75,24.25,25.25,25.0
09:44:09,24.5,25.5,24.75,25.5,25.0,25.0,25.5,24.5,24.25,25.0,24.5,25.25,25.0,24.25,25.25,25.0
09:44:10,24.5,25.5,24.75,25.25,25.0,25.0,25.5,24.5,24.5,25.0,24.5,25.25,24.75,24.25,25.25,25.0
09:44:10,24.5,25.5,25.0,25.25,25.0,25.0,25.5,24.5,24.5,25.0,24.5,25.25,24.75,24.25,25.25,25.0
09:44:11,24.5,25.5,24.75,25.25,25.0,25.0,25.5,24.5,24.5,25.0,24.5,25.25,24.75,24.25,25.25,25.0
09:44:12,24.5,25.5,25.0,25.25,25.0,25.0,25.5,24.5,24.25,25.0,24.5,25.25,24.75,24.25,25.0,25.0
09:44:13,24.5,25.5,25.0,25.25,25.0,25.0,25.5,24.5,24.5,25.0,24.5,25.25,24.75,24.25,25.25,25.0
09:44:14,24.5,25.5,24.75,25.25,25.0,25.0,25.5,24.5,24.5,25.0,24.5,25.25,25.0,24.25,25.25,25.0
09:44:15,24.5,25.5,25.0,25.25,25.0,25.0,25.5,24.5,24.5,25.0,24.5,25.25,24.75,24.25,25.0,25.0
09:44:16,24.5,25.5,25.0,25.25,25.0,25.0,25.5,24.5,24.5,25.0,24.5,25.25,24.75,24.25,25.0,24.75
09:44:17,24.5,25.5,24.75,25.25,25.0,25.0,25.5,24.5,24.5,25.0,24.5,25.25,24.75,24.25,25.0,25.0
09:44:18,24.5,25.5,24.75,25.25,25.0,25.0,25.5,24.5,24.5,25.0,24.5,25.25,24.75,24.25,25.25,25.0
09:44:19,24.5,25.5,25.0,25.25,25.0,25.0,25.5,24.5,24.5,25.0,24.5,25.25,24.75,24.25,25.25,25.0
09:44:19,24.5,25.5,25.0,25.25,25.0,25.0,25.5,24.5,24.5,25.0,24.5,25.25,24.75,24.25,25.25,25.0
09:44:20,24.5,25.5,25.0,25.25,25.0,25.0,25.5,24.5,24.5,25.0,24.5,25.25,24.75,24.25,25.25,25.0
09:44:21,24.5,25.5,24.75,25.25,25.0,25.0,25.5,24.5,24.5,25.0,24.5,25.25,24.75,24.25,25.0,25.0
09:44:22,24.5,25.5,25.0,25.25,25.0,25.0,25.5,24.5,24.5,25.0,24.5,25.25,24.75,24.25,25.0,25.0
09:44:23,24.5,25.5,25.0,25.25,25.0,25.0,25.5,24.5,24.25,25.0,24.5,25.25,24.75,24.25,25.0,25.0
09:44:24,24.5,25.5,25.0,25.25,25.0,25.0,25.5,24.5,24.5,25.0,24.5,25.25,25.0,24.25,25.25,25.0
09:44:25,24.5,25.5,24.75,25.25,25.0,25.0,25.5,24.5,24.25,25.0,24.5,25.25,25.0,24.0,25.0,25.0
09:44:26,24.5,25.5,25.0,25.25,25.0,25.0,25.5,24.5,24.5,25.0,24.5,25.25,24.75,24.25,25.25,25.0
09:44:27,24.5,25.5,25.0,25.25,25.0,25.0,25.5,24.5,24.25,25.0,24.5,25.25,24.75,24.25,25.25,25.0
09:44:28,24.5,25.5,25.0,25.25,25.0,25.0,25.5,24.5,24.5,25.0,24.5,25.25,24.75,24.25,25.25,25.0
09:44:29,24.5,25.5,25.0,25.5,25.0,25.0,25.5,24.5,24.5,25.0,24.5,25.25,24.75,24.25,25.25,25.0
09:44:29,24.5,25.5,24.75,25.25,25.0,25.0,25.5,24.5,24.5,25.0,24.5,25.25,24.75,24.25,25.25,25.0
09:44:30,24.5,25.5,24.75,25.25,25.0,25.0,25.5,24.5,24.25,25.0,24.5,25.25,24.75,24.25,25.25,25.0
09:44:31,24.5,25.5,25.0,25.25,25.0,25.0,25.5,24.5,24.5,25.0,24.5,25.25,25.0,24.25,25.25,25.0
09:44:32,24.5,25.5,24.75,25.25,25.0,25.0,25.5,24.5,24.5,25.0,24.5,25.25,24.75,24.25,25.25,25.0
09:44:33,24.5,25.5,24.75,25.5,25.0,25.0,25.5,24.5,24.25,25.0,24.5,25.25,24.75,24.25,25.25,25.0
09:44:34,24.5,25.5,24.75,25.25,25.0,25.0,25.5,24.5,24.5,25.0,24.5,25.25,24.75,24.25,25.25,25.0
09:44:35,24.5,25.5,25.0,25.25,25.0,25.0,25.5,24.5,24.25,25.0,24.5,25.25,24.75,24.25,25.25,25.0
09:44:36,24.5,25.5,25.0,25.25,25.0,25.0,25.5,24.5,24.5,25.0,24.5,25.25,25.0,24.25,25.25,25.0
09:44:37,24.5,25.5,25.0,25.25,25.0,25.0,25.5,24.5,24.25,25.0,24.5,25.25,24.75,24.25,25.25,25.0
09:44:38,24.5,25.5,25.0,25.25,25.0,25.0,25.5,24.5,24.5,25.0,24.5,25.25,24.75,24.25,25.0,25.0
09:44:39,24.5,25.5,24.75,25.25,25.0,25.0,25.5,24.5,24.25,25.0,24.5,25.25,24.75,24.25,25.0,25.0
09:44:39,24.5,25.5,24.75,25.25,25.0,25.0,25.5,24.5,24.5,25.0,24.5,25.25,25.0,24.25,25.0,25.0
09:44:40,24.5,25.5,24.75,25.25,25.0,25.0,25.5,24.5,24.5,25.0,24.5,25.25,24.75,24.25,25.0,25.0
09:44:41,24.5,25.5,24.75,25.25,25.0,25.0,25.5,24.5,24.5,25.0,24.5,25.25,24.75,24.25,25.0,25.0
09:44:42,24.5,25.5,24.75,25.25,25.0,25.0,25.5,24.5,24.25,25.0,24.5,25.25,24.75,24.25,25.25,25.0
09:44:43,24.5,25.5,24.75,25.25,25.0,25.0,25.5,24.5,24.25,25.0,24.5,25.25,24.75,24.25,25.0,25.0
09:44:44,24.5,25.5,25.0,25.25,25.0,25.0,25.5,24.5,24.25,25.0,24.5,25.25,25.0,24.25,25.25,25.0
09:44:45,24.5,25.5,24.75,25.25,25.0,25.0,25.5,24.5,24.5,25.0,24.5,25.25,25.0,24.25,25.25,25.0
09:44:46,24.5,25.5,24.75,25.25,25.0,25.0,25.5,24.5,24.25,25.0,24.5,25.25,24.75,24.25,25.25,25.0
09:44:47,24.5,25.5,25.0,25.25,25.0,25.0,25.5,24.5,24.25,25.0,24.5,25.25,25.0,24.25,25.0,25.0
09:44:48,24.5,25.5,25.0,25.25,25.0,25.0,25.5,24.5,24.25,25.0,24.5,25.25,24.75,24.25,25.0,25.0
09:44:48,24.5,25.5,24.75,25.25,25.0,25.0,25.5,24.5,24.25,25.0,24.5,25.25,24.75,24.25,25.25,25.0
09:44:49,24.5,25.5,25.0,25.25,25.0,25.0,25.5,24.5,24.25,25.0,24.5,25.25,24.75,24.25,25.0,25.0
09:44:50,24.5,25.5,25.0,25.25,25.0,25.0,25.5,24.75,24.25,25.0,24.5,25.25,24.75,24.25,25.25,25.0
09:44:51,24.5,25.5,25.0,25.25,25.0,25.0,25.5,24.5,24.25,25.0,24.5,25.25,24.75,24.25,25.25,25.0
09:44:52,24.5,25.5,24.75,25.25,25.0,25.0,25.5,24.5,24.25,25.0,24.5,25.25,24.75,24.25,25.25,25.0
09:44:53,24.5,25.5,24.75,25.25,25.0,25.0,25.5,24.5,24.25,25.0,24.5,25.25,25.0,24.25,25.25,25.0
09:44:54,24.5,25.5,25.0,25.5,25.0,25.0,25.5,24.5,24.25,25.0,24.5,25.25,24.75,24.25,25.25,25.0
09:44:55,24.5,25.5,25.0,25.25,25.25,25.0,25.5,24.5,24.25,25.0,24.5,25.25,24.75,24.25,25.25,25.0
09:44:56,24.5,25.5,24.75,25.25,25.0,25.0,25.5,24.5,24.25,25.0,24.5,25.25,24.75,24.25,25.25,25.0
09:44:57,24.5,25.5,24.75,25.25,25.0,25.0,25.5,24.5,24.25,25.0,24.5,25.25,24.75,24.25,25.0,25.0
09:47:50,24.5,25.5,24.75,25.5,25.0,25.0,25.5,24.5,24.25,25.0,24.5,25.25,24.75,24.25,25.0,24.75
09:47:51,24.5,25.5,24.75,25.25,25.0,25.0,25.5,24.5,24.25,25.0,24.5,25.25,24.75,24.25,25.25,25.0
09:47:52,24.5,25.5,24.75,25.25,25.0,25.0,25.5,24.5,24.25,25.0,24.5,25.25,24.75,24.25,25.25,25.0
09:47:52,24.5,25.5,24.75,25.5,25.0,25.0,25.5,24.5,24.25,25.0,24.5,25.25,24.75,24.25,25.0,25.0
09:47:53,24.5,25.5,24.75,25.25,25.0,25.0,25.5,24.5,24.5,25.0,24.25,25.25,24.75,24.25,25.0,25.0
09:47:54,24.5,25.5,24.75,25.25,25.0,25.0,25.5,24.5,24.25,25.0,24.5,25.25,24.75,24.25,25.0,25.0
09:47:55,24.5,25.5,24.75,25.25,25.0,25.0,25.5,24.5,24.25,25.0,24.5,25.25,24.75,24.25,25.0,25.0
09:47:56,24.5,25.5,24.75,25.25,25.0,25.0,25.5,24.5,24.25,25.0,24.5,25.25,24.75,24.25,25.0,25.0
09:47:57,24.5,25.5,24.75,25.25,25.0,25.0,25.5,24.5,24.5,25.0,24.5,25.25,24.75,24.25,25.25,25.0
09:47:58,24.5,25.5,24.75,25.5,25.0,25.0,25.5,24.5,24.25,25.0,24.5,25.25,24.75,24.25,25.25,25.0
09:47:59,24.5,25.5,24.75,25.25,25.0,25.0,25.5,24.5,24.25,25.0,24.5,25.0,24.75,24.25,25.0,24.75
09:48:00,24.5,25.5,24.75,25.25,25.0,25.0,25.5,24.5,24.25,25.0,24.5,25.25,24.75,24.25,25.0,25.0
09:48:01,24.5,25.5,24.75,25.25,25.0,25.0,25.5,24.5,24.25,25.0,24.5,25.25,24.75,24.25,25.0,25.0
09:48:01,24.5,25.5,24.75,25.25,25.0,25.0,25.5,24.5,24.25,25.0,24.5,25.25,24.75,24.25,25.25,25.0
09:48:02,24.5,25.5,24.75,25.25,25.0,25.0,25.5,24.5,24.25,25.0,24.5,25.25,24.75,24.25,25.0,25.0
09:48:03,24.5,25.5,24.75,25.25,25.0,25.0,25.5,24.5,24.25,25.0,24.5,25.25,24.75,24.25,25.0,25.0
09:48:04,24.5,25.5,24.75,25.25,25.0,25.0,25.5,24.5,24.25,25.0,24.5,25.25,24.75,24.25,25.25,25.0
09:48:05,24.5,25.5,24.75,25.25,25.0,25.0,25.5,24.5,24.5,25.0,24.5,25.0,24.75,24.25,25.0,25.0
09:48:06,24.5,25.5,24.75,25.25,25.0,25.0,25.5,24.5,24.25,25.0,24.5,25.25,24.75,24.25,25.25,25.0
09:48:07,24.5,25.5,24.75,25.5,25.0,25.0,25.5,24.5,24.25,25.0,24.5,25.0,24.75,24.25,25.0,24.75
09:48:08,24.5,25.5,25.0,25.25,25.0,25.0,25.5,24.5,24.25,25.0,24.5,25.25,24.75,24.25,25.25,25.0
09:48:09,24.5,25.5,24.75,25.25,25.0,25.0,25.5,24.5,24.25,25.0,24.5,25.25,24.75,24.25,25.0,25.0
09:48:10,24.5,25.5,24.75,25.25,25.0,25.0,25.5,24.5,24.25,25.0,24.5,25.0,24.75,24.25,25.25,25.0
09:48:10,24.5,25.5,25.0,25.25,25.0,25.0,25.5,24.5,24.25,25.0,24.5,25.25,24.75,24.25,25.0,25.0
09:48:11,24.5,25.5,24.75,25.25,25.0,25.0,25.5,24.5,24.25,25.0,24.5,25.0,24.75,24.25,25.0,25.0
09:48:12,24.5,25.5,25.0,25.25,25.0,25.0,25.5,24.5,24.25,25.0,24.5,25.0,24.75,24.25,25.0,25.0
09:48:13,24.5,25.5,24.75,25.25,25.0,25.0,25.5,24.5,24.25,25.0,24.5,25.25,24.75,24.25,25.0,25.0
09:48:14,24.5,25.5,24.75,25.25,25.0,25.0,25.5,24.5,24.5,25.0,24.5,25.25,24.75,24.25,25.0,24.75
09:48:15,24.5,25.5,24.75,25.25,25.0,25.0,25.5,24.5,24.25,25.0,24.5,25.25,24.75,24.25,25.0,25.0
09:48:16,24.5,25.5,24.75,25.25,25.0,25.0,25.5,24.5,24.25,25.0,24.5,25.25,24.75,24.25,25.0,25.0
09:48:17,24.5,25.5,24.75,25.5,25.0,25.0,25.5,24.5,24.25,25.0,24.5,25.25,24.75,24.25,25.25,25.0
09:48:18,24.5,25.5,24.75,25.25,25.0,25.0,25.5,24.75,24.25,25.0,24.5,25.25,24.75,24.25,25.0,25.0
09:48:19,24.5,25.5,25.0,25.5,25.0,25.0,25.5,24.5,24.25,25.0,24.5,25.25,24.75,24.25,25.0,24.75
09:48:20,24.5,25.5,24.75,25.25,25.0,25.0,25.5,24.5,24.25,25.0,24.5,25.25,24.75,24.25,25.0,25.0
09:48:20,24.5,25.5,24.75,25.25,25.0,25.0,25.5,24.5,24.25,25.0,24.5,25.25,24.75,24.25,25.25,25.0
09:48:21,24.5,25.5,24.75,25.25,25.0,25.0,25.5,24.5,24.25,25.0,24.5,25.25,24.75,24.25,25.0,25.0
09:48:22,24.5,25.5,24.75,25.25,25.0,25.0,25.5,24.5,24.25,25.0,24.5,25.0,24.75,24.25,25.0,25.0
09:48:23,24.5,25.5,24.75,25.25,25.0,25.0,25.5,24.5,24.25,25.0,24.5,25.25,24.75,24.25,25.0,25.0
09:48:24,24.5,25.5,24.75,25.25,25.0,25.0,25.5,24.5,24.25,25.0,24.5,25.25,24.75,24.25,25.0,25.0
09:48:25,24.5,25.5,25.0,25.25,25.0,25.0,25.5,24.5,24.25,25.0,24.5,25.25,24.75,24.25,25.0,25.0
09:48:26,24.25,25.5,24.75,25.25,25.0,25.0,25.5,24.5,24.25,25.0,24.5,25.25,24.75,24.25,25.0,25.0
09:48:27,24.5,25.5,25.0,25.25,25.0,25.0,25.5,24.5,24.25,25.0,24.5,25.0,24.75,24.25,25.0,25.0
09:48:28,24.5,25.5,24.75,25.25,25.0,25.0,25.5,24.5,24.25,25.0,24.5,25.25,24.75,24.25,25.0,25.0
09:48:29,24.5,25.5,24.75,25.25,25.0,25.0,25.5,24.5,24.25,25.0,24.5,25.0,24.75,24.25,25.0,25.0
09:48:29,24.5,25.5,24.75,25.25,25.0,25.0,25.5,24.5,24.25,25.0,24.5,25.25,24.75,24.25,25.0,25.0
09:48:30,24.5,25.5,24.75,25.25,25.0,25.0,25.5,24.5,24.25,25.0,24.5,25.25,24.75,24.25,25.0,25.0
09:48:31,24.5,25.5,24.75,25.25,25.0,25.0,25.5,24.5,24.25,25.0,24.5,25.25,24.75,24.25,25.25,25.0
09:48:32,24.5,25.5,24.75,25.25,25.0,25.0,25.5,24.5,24.25,25.0,24.5,25.25,24.75,24.25,25.25,25.0
09:48:33,24.5,25.5,24.75,25.25,25.0,25.0,25.5,24.5,24.25,25.0,24.5,25.25,24.75,24.25,25.0,25.0
09:48:34,24.5,25.5,24.75,25.25,25.0,25.0,25.5,24.5,24.25,25.0,24.5,25.25,24.75,24.25,25.0,25.0
09:48:35,24.5,25.5,24.75,25.25,25.0,25.0,25.5,24.5,24.25,25.0,24.5,25.0,24.75,24.25,25.0,25.0
09:48:36,24.5,25.5,24.75,25.25,25.0,25.0,25.5,24.5,24.25,25.0,24.5,25.25,24.75,24.25,25.25,24.75
09:48:37,24.5,25.5,24.75,25.5,25.0,25.0,25.5,24.5,24.5,25.0,24.5,25.25,24.75,24.25,25.0,25.0
09:48:38,24.5,25.5,24.75,25.25,25.0,25.0,25.5,24.5,24.25,25.0,24.5,25.25,24.75,24.25,25.25,25.0
09:48:38,24.5,25.5,24.75,25.25,25.0,25.0,25.5,24.5,24.5,25.0,24.5,25.25,24.75,24.0,25.0,25.0
09:48:39,24.5,25.5,24.75,25.5,25.0,25.0,25.5,24.5,24.25,25.0,24.5,25.0,24.75,24.25,25.0,25.0
09:48:40,24.5,25.5,24.75,25.25,25.0,25.0,25.5,24.5,24.25,25.0,24.5,25.25,24.75,24.25,25.0,25.0
09:48:41,24.5,25.5,24.75,25.25,25.0,25.0,25.5,24.5,24.25,25.0,24.5,25.25,24.75,24.25,25.0,25.0
09:48:42,24.5,25.5,24.75,25.25,25.0,25.0,25.5,24.5,24.25,25.0,24.5,25.25,24.75,24.25,25.0,25.0
09:48:43,24.5,25.5,24.75,25.25,25.0,25.0,25.5,24.5,24.25,25.0,24.5,25.25,24.75,24.25,25.0,25.0
09:48:44,24.5,25.5,24.75,25.25,25.0,25.0,25.5,24.5,24.25,25.0,24.5,25.25,24.75,24.25,25.25,25.0
09:48:45,24.5,25.5,24.75,25.25,25.0,25.0,25.5,24.5,24.25,25.0,24.5,25.25,24.75,24.25,25.0,25.0
09:48:46,24.5,25.5,24.75,25.25,25.0,25.0,25.5,24.5,24.5,25.0,24.5,25.25,24.75,24.25,25.0,25.0
09:48:47,24.5,25.5,24.75,25.25,25.0,25.0,25.5,24.5,24.25,25.0,24.5,25.25,24.75,24.25,25.0,25.0
09:48:48,24.5,25.5,24.75,25.25,25.0,25.0,25.5,24.5,24.25,25.0,24.5,25.25,24.75,24.25,25.0,25.0
09:48:48,24.5,25.5,24.75,25.25,25.0,25.0,25.5,24.5,24.25,25.0,24.5,25.25,24.75,24.25,25.0,25.0
09:48:49,24.5,25.5,24.75,25.25,25.0,25.0,25.5,24.5,24.25,25.0,24.5,25.25,24.75,24.25,25.0,25.0
09:48:50,24.5,25.5,24.75,25.25,25.0,25.0,25.5,24.5,24.25,25.0,24.5,25.25,24.75,24.25,25.0,24.75
09:48:51,24.5,25.5,24.75,25.5,25.0,25.0,25.5,24.5,24.25,25.0,24.5,25.25,24.75,24.25,25.0,25.0
09:48:52,24.5,25.5,24.75,25.25,25.0,25.0,25.5,24.5,24.25,25.0,24.5,25.25,24.75,24.25,25.0,25.0
09:48:53,24.5,25.5,24.75,25.25,25.0,25.0,25.5,24.5,24.25,25.0,24.5,25.25,24.75,24.25,25.0,25.0
09:48:54,24.5,25.5,24.75,25.25,25.0,25.0,25.5,24.5,24.25,25.0,24.5,25.25,24.75,24.25,25.0,25.0
09:48:55,24.5,25.5,24.75,25.25,25.0,25.0,25.5,24.5,24.25,25.0,24.5,25.25,24.75,24.25,25.0,24.75
09:48:56,24.5,25.5,24.75,25.25,25.0,25.0,25.5,24.5,24.25,25.0,24.5,25.25,24.75,24.25,25.0,25.0
09:48:57,24.5,25.5,24.75,25.25,25.0,25.0,25.5,24.5,24.5,25.0,24.5,25.25,24.75,24.25,25.0,25.0
09:48:57,24.5,25.5,24.75,25.25,25.0,25.0,25.25,24.5,24.25,25.0,24.5,25.25,24.75,24.25,25.25,25.0
09:48:58,24.5,25.5,24.75,25.25,25.0,25.0,25.5,24.5,24.25,25.0,24.5,25.0,24.75,24.25,25.0,25.0
09:48:59,24.5,25.5,24.75,25.25,25.0,25.0,25.5,24.5,24.25,25.0,24.5,25.25,24.75,24.25,25.0,25.0
09:49:00,24.5,25.5,24.75,25.25,25.0,25.0,25.5,24.5,24.25,25.0,24.5,25.25,24.75,24.25,25.0,25.0
09:49:01,24.5,25.5,24.75,25.25,25.0,25.0,25.5,24.5,24.25,25.0,24.5,25.0,24.75,24.25,25.0,25.0
09:49:02,24.5,25.5,24.75,25.25,25.0,25.0,25.5,24.5,24.25,25.0,24.5,25.25,24.75,24.25,25.0,24.75
09:49:03,24.5,25.5,24.75,25.25,25.0,25.0,25.5,24.5,24.25,25.0,24.5,25.25,24.75,24.25,25.0,24.75
09:49:04,24.5,25.5,24.75,25.5,25.0,25.0,25.5,24.5,24.25,25.0,24.5,25.25,24.75,24.25,25.0,25.0
09:49:05,24.5,25.5,24.75,25.25,25.0,25.0,25.5,24.5,24.25,25.0,24.25,25.0,24.75,24.25,25.0,25.0
09:49:06,24.5,25.5,24.75,25.25,25.0,25.0,25.5,24.5,24.25,25.0,24.5,25.25,24.75,24.25,25.25,25.0
09:49:06,24.5,25.5,24.75,25.25,25.0,25.0,25.5,24.5,24.25,25.0,24.5,25.25,24.75,24.25,25.0,25.0
09:49:07,24.5,25.5,24.75,25.25,25.0,25.0,25.5,24.5,24.25,25.0,24.5,25.25,24.75,24.25,25.0,25.0
09:49:08,24.5,25.5,24.75,25.25,25.0,25.0,25.5,24.5,24.25,25.0,24.5,25.0,24.75,24.25,25.0,25.0
09:49:09,24.5,25.5,24.75,25.25,25.0,25.0,25.5,24.5,24.25,25.0,24.5,25.25,24.75,24.25,25.0,25.0
09:49:10,24.5,25.5,24.75,25.25,25.0,25.0,25.5,24.5,24.25,25.0,24.5,25.25,24.75,24.25,25.0,25.0
09:49:11,24.5,25.5,24.75,25.25,25.0,25.0,25.5,24.5,24.25,25.0,24.5,25.25,24.75,24.25,25.0,25.0
09:49:12,24.5,25.5,24.75,25.25,25.0,25.0,25.5,24.5,24.25,25.0,24.5,25.25,24.75,24.25,25.0,25.0
09:49:13,24.5,25.5,24.75,25.25,25.0,25.0,25.5,24.5,24.25,25.0,24.5,25.25,24.75,24.25,25.0,24.75
09:49:14,24.5,25.5,24.75,25.25,25.0,25.0,25.5,24.5,24.25,25.0,24.5,25.0,24.75,24.25,25.25,25.0
09:49:15,24.5,25.5,24.75,25.25,25.0,25.0,25.5,24.5,24.25,25.0,24.5,25.0,24.75,24.25,25.25,25.0
09:49:16,24.5,25.5,24.75,25.25,25.0,25.0,25.5,24.5,24.25,25.0,24.5,25.25,24.75,24.25,25.0,25.0
09:49:16,24.5,25.5,24.75,25.25,25.0,25.0,25.5,24.5,24.25,25.0,24.5,25.25,24.75,24.25,25.0,25.0
09:49:17,24.5,25.5,24.75,25.25,25.0,25.0,25.5,24.5,24.25,25.0,24.5,25.25,24.75,24.25,25.0,25.0
09:49:18,24.5,25.5,24.75,25.25,25.0,25.0,25.5,24.5,24.25,25.0,24.5,25.25,24.75,24.25,25.0,25.0
09:49:19,24.5,25.5,24.75,25.25,25.0,25.0,25.5,24.5,24.25,25.0,24.5,25.25,24.75,24.25,25.0,25.0
09:49:20,24.5,25.5,24.75,25.25,25.0,25.0,25.5,24.5,24.25,25.0,24.5,25.25,24.75,24.25,25.0,25.0
09:49:21,24.5,25.5,24.75,25.25,25.0,25.0,25.5,24.5,24.25,25.0,24.5,25.25,24.75,24.25,25.25,25.0
09:49:22,24.5,25.5,24.75,25.5,25.0,25.0,25.5,24.5,24.25,25.0,24.25,25.25,24.75,24.25,25.0,25.0
09:49:23,24.5,25.5,24.75,25.25,25.0,25.0,25.5,24.5,24.25,25.0,24.25,25.25,24.75,24.25,25.0,25.0
09:49:24,24.5,25.5,24.75,25.5,25.0,25.0,25.5,24.5,24.25,25.0,24.5,25.25,24.75,24.25,25.0,25.0
09:49:25,24.5,25.5,24.75,25.25,25.0,25.0,25.5,24.5,24.25,25.0,24.25,25.0,24.75,24.25,25.0,25.0
09:49:25,24.5,25.5,24.75,25.25,25.0,25.0,25.5,24.5,24.25,25.0,24.5,25.25,24.75,24.25,25.0,25.0
09:49:26,24.5,25.5,24.75,25.25,25.0,25.0,25.5,24.5,24.25,25.0,24.25,25.25,24.75,24.25,25.0,25.0
09:49:27,24.5,25.5,24.75,25.25,25.0,25.0,25.5,24.5,24.25,25.0,24.5,25.25,24.75,24.25,25.0,25.0
09:49:28,24.5,25.5,24.75,25.25,25.0,25.0,25.5,24.5,24.25,25.0,24.5,25.25,24.75,24.25,25.0,25.0
09:49:29,24.5,25.5,24.75,25.5,25.0,25.0,25.5,24.5,24.25,25.0,24.5,25.25,24.75,24.25,25.25,25.0
09:49:30,24.5,25.5,24.75,25.25,25.0,25.0,25.5,24.5,24.25,25.0,24.5,25.25,24.75,24.25,25.0,25.0
09:49:31,24.5,25.5,24.75,25.25,25.0,25.0,25.5,24.5,24.25,25.0,24.5,25.25,24.75,24.25,25.0,25.0
09:49:32,24.5,25.5,24.75,25.25,25.0,25.0,25.5,24.5,24.25,25.0,24.5,25.25,24.75,24.25,25.0,24.75
09:49:33,24.5,25.5,25.0,25.25,25.0,25.0,25.5,24.5,24.25,25.0,24.25,25.25,24.75,24.25,25.0,25.0
09:49:34,24.5,25.5,24.75,25.25,25.0,25.0,25.5,24.5,24.25,25.0,24.5,25.25,24.75,24.25,25.25,25.0
09:49:34,24.5,25.5,24.75,25.25,25.0,25.0,25.5,24.5,24.25,25.0,24.5,25.0,24.75,24.25,25.0,25.0
09:49:35,24.5,25.5,24.75,25.25,25.0,25.0,25.5,24.5,24.25,25.0,24.5,25.25,24.75,24.25,25.0,25.0
09:49:36,24.5,25.5,24.75,25.25,25.0,25.0,25.5,24.5,24.25,25.0,24.5,25.0,24.75,24.25,25.0,25.0
09:49:37,24.5,25.5,24.75,25.25,25.0,25.0,25.5,24.5,24.25,25.0,24.5,25.25,24.75,24.25,25.25,25.0
09:49:38,24.5,25.5,24.75,25.25,25.0,25.0,25.5,24.5,24.25,25.0,24.25,25.25,24.75,24.25,25.0,24.75
09:49:39,24.5,25.5,24.75,25.25,25.0,25.0,25.5,24.5,24.25,25.0,24.25,25.25,24.75,24.25,25.0,25.0
09:49:40,24.5,25.5,24.75,25.25,25.0,25.0,25.5,24.5,24.25,25.0,24.5,25.25,24.75,24.25,25.25,25.0
09:49:41,24.5,25.5,24.75,25.25,25.0,25.0,25.5,24.5,24.25,25.0,24.5,25.25,24.75,24.25,25.0,25.0
09:49:42,24.5,25.5,24.75,25.25,25.0,25.0,25.5,24.5,24.25,25.0,24.5,25.25,24.75,24.25,25.0,25.0
09:49:43,24.5,25.5,25.0,25.5,25.0,25.0,25.5,24.5,24.5,25.0,24.5,25.25,24.75,24.25,25.0,25.0
09:49:44,24.5,25.5,24.75,25.25,25.0,25.0,25.5,24.5,24.25,25.0,24.5,25.25,24.75,24.25,25.0,25.0
09:49:44,24.5,25.5,24.75,25.25,25.0,25.0,25.5,24.5,24.25,25.0,24.25,25.25,24.75,24.25,25.25,25.0
09:49:45,24.5,25.5,24.75,25.25,25.0,25.0,25.5,24.5,24.25,25.0,24.5,25.0,24.75,24.25,25.0,25.0
09:49:46,24.5,25.5,24.75,25.25,25.0,25.0,25.5,24.5,24.25,25.0,24.25,25.25,24.75,24.25,25.0,25.0
09:49:47,24.5,25.5,24.75,25.25,25.0,25.0,25.5,24.5,24.25,25.0,24.5,25.25,24.75,24.25,25.0,25.0
09:49:48,24.5,25.5,24.75,25.25,24.75,25.0,25.5,24.5,24.25,25.0,24.25,25.25,24.75,24.25,25.0,25.0
09:49:49,24.5,25.5,24.75,25.25,25.0,25.0,25.5,24.5,24.25,25.0,24.5,25.25,24.75,24.25,25.0,25.0
09:49:50,24.5,25.5,24.75,25.25,25.0,25.0,25.5,24.5,24.25,25.0,24.5,25.25,24.75,24.25,25.0,25.0
09:49:51,24.5,25.5,24.75,25.25,25.0,25.0,25.5,24.5,24.25,25.0,24.5,25.25,24.75,24.25,25.0,25.0
09:49:52,24.5,25.5,24.75,25.25,25.0,25.0,25.5,24.5,24.25,25.0,24.5,25.25,24.75,24.25,25.25,25.0
09:49:53,24.5,25.5,24.75,25.25,25.0,25.0,25.5,24.5,24.25,25.0,24.25,25.25,24.75,24.25,25.0,24.75
09:49:53,24.5,25.5,24.75,25.25,25.0,25.0,25.5,24.5,24.25,25.0,24.5,25.25,24.75,24.25,25.0,25.0
09:49:54,24.5,25.5,24.75,25.5,25.0,25.0,25.5,24.5,24.25,25.0,24.5,25.25,24.75,24.25,25.0,25.0
09:49:55,24.5,25.5,24.75,25.25,25.0,25.0,25.5,24.5,24.25,25.0,24.25,25.25,24.75,24.25,25.0,25.0
09:49:56,24.5,25.5,24.75,25.25,25.0,25.0,25.5,24.5,24.25,25.0,24.5,25.25,24.75,24.25,25.0,25.0
09:49:57,24.5,25.5,24.75,25.25,25.0,25.0,25.5,24.5,24.25,25.0,24.25,25.25,24.75,24.25,25.0,24.75
09:49:58,24.5,25.5,24.75,25.25,25.0,25.0,25.5,24.5,24.25,25.0,24.5,25.25,24.75,24.25,25.0,24.75
09:49:59,24.5,25.5,24.75,25.5,25.0,25.0,25.5,24.5,24.25,25.0,24.5,25.25,24.75,24.25,25.0,25.0
09:50:00,24.5,25.5,24.75,25.25,25.0,25.0,25.5,24.5,24.25,25.0,24.5,25.25,24.75,24.25,25.0,25.0
09:50:01,24.5,25.5,24.75,25.25,25.0,25.0,25.5,24.5,24.25,25.0,24.5,25.25,24.75,24.25,25.0,25.0
09:50:02,24.5,25.5,24.75,25.25,25.0,25.0,25.5,24.5,24.25,25.0,24.5,25.0,24.75,24.25,25.0,25.0
09:50:02,24.5,25.5,24.75,25.25,25.0,25.0,25.5,24.5,24.25,25.0,24.5,25.25,24.75,24.25,25.0,25.0
09:50:03,24.5,25.5,25.0,25.25,25.0,25.0,25.5,24.5,24.25,25.0,24.5,25.25,24.75,24.25,25.0,25.0
09:50:04,24.5,25.5,24.75,25.25,25.0,25.0,25.5,24.5,24.25,25.0,24.5,25.25,24.75,24.25,25.0,25.0
09:50:05,24.5,25.5,24.75,25.25,25.0,25.0,25.5,24.5,24.25,25.0,24.5,25.25,24.75,24.25,25.0,25.0
09:50:06,24.5,25.5,24.75,25.25,25.0,25.0,25.5,24.5,24.25,25.0,24.5,25.25,24.75,24.25,25.0,25.0
09:50:07,24.5,25.5,24.75,25.25,25.0,25.0,25.5,24.5,24.25,25.0,24.5,25.25,24.75,24.25,25.0,25.0
09:50:08,24.5,25.5,24.75,25.5,25.0,25.0,25.5,24.5,24.25,25.0,24.5,25.25,24.75,24.25,25.0,25.0
09:50:09,24.5,25.5,24.75,25.25,25.0,25.0,25.5,24.5,24.25,25.0,24.5,25.25,24.75,24.25,25.0,25.0
09:50:10,24.5,25.5,25.0,25.25,25.0,25.0,25.5,24.5,24.25,25.0,24.5,25.25,24.75,24.25,25.0,25.0
09:50:11,24.5,25.5,24.75,25.25,25.0,25.0,25.5,24.5,24.25,25.0,24.5,25.25,24.75,24.25,25.0,24.75
09:50:12,24.5,25.5,24.75,25.25,25.0,25.0,25.5,24.5,24.25,25.0,24.5,25.0,24.75,24.25,25.0,25.0
09:50:12,24.5,25.5,24.75,25.25,25.0,25.0,25.5,24.5,24.5,25.0,24.5,25.0,24.75,24.25,25.0,25.0
09:50:13,24.5,25.5,24.75,25.25,25.0,25.0,25.5,24.5,24.25,25.0,24.5,25.25,24.75,24.25,25.0,25.0
09:50:14,24.5,25.5,24.75,25.25,25.0,25.0,25.5,24.5,24.25,25.0,24.5,25.0,24.75,24.25,25.0,25.0
09:50:15,24.5,25.5,24.75,25.25,25.0,25.0,25.25,24.5,24.25,24.75,24.5,25.25,24.75,24.25,25.0,24.75
09:50:16,24.5,25.5,24.75,25.25,25.0,25.0,25.5,24.5,24.5,25.0,24.25,25.25,24.75,24.25,25.0,25.0
09:50:17,24.5,25.5,24.75,25.5,25.0,25.0,25.5,24.5,24.25,25.0,24.5,25.25,24.75,24.25,25.0,25.0
09:50:18,24.5,25.5,24.75,25.25,25.0,25.0,25.5,24.5,24.25,25.0,24.5,25.0,24.75,24.25,25.0,25.0
09:50:19,24.5,25.5,24.75,25.25,25.0,25.0,25.5,24.5,24.25,25.0,24.5,25.25,24.75,24.25,25.0,25.0
09:50:20,24.5,25.5,24.75,25.25,25.0,25.0,25.5,24.75,24.25,25.0,24.5,25.0,24.75,24.25,25.0,25.0
09:50:21,24.5,25.5,24.75,25.25,25.0,25.0,25.5,24.5,24.25,25.0,24.5,25.25,24.75,24.25,25.0,24.75
09:50:21,24.5,25.5,24.75,25.25,25.0,25.0,25.5,24.5,24.25,25.0,24.25,25.25,24.75,24.25,25.0,25.0
09:50:22,24.5,25.5,24.75,25.5,25.0,25.0,25.5,24.5,24.25,25.0,24.5,25.25,24.75,24.25,25.0,25.0
09:50:23,24.5,25.5,24.75,25.25,25.0,25.0,25.5,24.5,24.25,25.0,24.5,25.25,24.75,24.25,25.0,25.0
09:50:24,24.5,25.5,24.75,25.25,25.0,25.0,25.5,24.5,24.25,25.0,24.5,25.25,24.75,24.25,25.0,25.0
09:50:25,24.5,25.5,24.75,25.25,25.0,25.0,25.5,24.5,24.25,25.0,24.5,25.0,24.75,24.25,25.0,25.0
09:50:26,24.5,25.5,24.75,25.25,25.0,25.0,25.5,24.5,24.25,25.0,24.5,25.25,24.75,24.25,25.0,25.0
09:50:27,24.5,25.5,24.75,25.25,25.0,25.0,25.5,24.5,24.25,25.0,24.5,25.25,24.75,24.25,25.0,25.0
09:50:28,24.5,25.5,24.75,25.25,25.0,25.0,25.5,24.5,24.25,25.0,24.5,25.25,24.75,24.25,25.0,25.0
09:50:29,24.5,25.5,24.75,25.25,25.0,25.0,25.5,24.5,24.25,25.0,24.5,25.25,24.75,24.25,25.0,25.0
09:50:30,24.5,25.5,24.75,25.25,25.0,25.0,25.5,24.5,24.25,25.0,24.5,25.25,24.75,24.25,25.0,25.0
09:50:30,24.5,25.5,24.75,25.25,25.0,25.0,25.5,24.5,24.25,25.0,24.5,25.25,24.75,24.25,25.0,25.0
09:50:31,24.5,25.5,24.75,25.25,25.0,25.0,25.25,24.5,24.25,25.0,24.5,25.0,24.75,24.25,25.0,24.75
09:50:32,24.5,25.5,24.75,25.25,25.0,25.0,25.5,24.5,24.25,25.0,24.5,25.0,24.75,24.25,25.0,25.0
09:50:33,24.5,25.5,24.75,25.25,25.0,25.0,25.5,24.5,24.25,25.0,24.5,25.25,24.75,24.25,25.0,25.0
09:50:34,24.5,25.5,24.75,25.25,25.0,25.0,25.5,24.5,24.25,25.0,24.5,25.25,24.75,24.25,25.0,25.0
09:50:35,24.5,25.5,24.75,25.25,25.0,25.0,25.5,24.5,24.25,25.0,24.5,25.25,24.75,24.25,25.0,24.75
09:50:36,24.5,25.5,24.75,25.25,25.0,25.0,25.5,24.5,24.5,25.0,24.5,25.25,24.75,24.25,25.0,24.75
09:50:37,24.5,25.5,24.75,25.25,25.0,25.0,25.5,24.5,24.25,25.0,24.5,25.0,24.75,24.25,25.0,25.0
09:50:38,24.5,25.5,24.75,25.25,25.0,25.0,25.5,24.5,24.25,25.0,24.5,25.25,24.75,24.25,25.0,24.75
09:50:39,24.5,25.5,24.75,25.25,25.0,25.0,25.5,24.5,24.25,25.0,24.5,25.25,24.75,24.25,25.0,25.0
09:50:40,24.5,25.5,24.75,25.25,25.0,25.0,25.5,24.5,24.25,25.0,24.5,25.0,24.75,24.25,25.0,25.0
09:50:40,24.5,25.5,24.75,25.25,25.0,25.0,25.5,24.5,24.25,25.0,24.5,25.25,24.75,24.25,25.0,25.0
09:50:41,24.5,25.5,24.75,25.25,25.0,25.0,25.5,24.5,24.25,25.0,24.5,25.25,24.75,24.25,25.0,25.0
09:50:42,24.5,25.5,24.75,25.25,25.0,25.0,25.25,24.5,24.25,24.75,24.5,25.25,24.75,24.25,25.0,25.0
09:50:43,24.5,25.5,24.75,25.25,25.0,25.0,25.5,24.5,24.25,25.0,24.5,25.0,24.75,24.25,25.0,25.0
09:50:44,24.5,25.5,24.75,25.25,25.0,25.0,25.5,24.5,24.25,25.0,24.5,25.0,24.75,24.25,25.0,25.0
09:50:45,24.5,25.5,24.75,25.25,25.0,25.0,25.5,24.5,24.25,25.0,24.5,25.0,24.75,24.25,25.0,25.0
09:50:46,24.5,25.5,24.75,25.25,25.0,25.0,25.5,24.5,24.25,25.0,24.5,25.25,24.75,24.25,25.0,25.0
09:50:47,24.5,25.5,24.75,25.25,25.0,25.0,25.5,24.5,24.25,25.0,24.5,25.25,24.75,24.25,25.0,25.0
09:50:48,24.5,25.5,24.75,25.5,25.0,25.0,25.5,24.5,24.25,25.0,24.5,25.25,24.75,24.25,25.0,24.75
09:50:49,24.5,25.5,24.75,25.25,25.0,25.0,25.5,24.5,24.25,25.0,24.5,25.0,24.75,24.25,25.0,25.0
09:50:49,24.5,25.5,24.75,25.25,25.0,25.0,25.5,24.5,24.25,25.0,24.5,25.25,24.75,24.25,25.0,25.0
09:50:50,24.5,25.5,24.75,25.25,25.0,25.0,25.5,24.5,24.25,25.0,24.25,25.0,24.75,24.25,25.25,25.0
09:50:51,24.5,25.5,24.75,25.25,25.0,25.0,25.5,24.5,24.25,25.0,24.5,25.25,24.75,24.25,25.25,25.0
09:50:52,24.5,25.5,24.75,25.25,25.0,25.0,25.5,24.5,24.25,25.0,24.5,25.0,24.75,24.25,25.0,25.0
09:50:53,24.5,25.5,24.75,25.25,25.0,25.0,25.5,24.5,24.25,25.0,24.5,25.25,24.75,24.25,25.0,25.0
09:50:54,24.5,25.5,24.75,25.25,25.0,25.0,25.5,24.5,24.25,25.0,24.5,25.25,24.75,24.25,25.0,25.0
09:50:55,24.5,25.5,24.75,25.25,25.0,25.0,25.5,24.5,24.25,25.0,24.25,25.25,24.75,24.25,25.0,25.0
09:50:56,24.5,25.5,24.75,25.25,25.0,25.0,25.5,24.5,24.25,25.0,24.5,25.25,24.75,24.25,25.0,25.0
09:50:57,24.5,25.5,24.75,25.25,25.0,25.0,25.5,24.5,24.25,25.0,24.25,25.25,24.75,24.25,25.0,24.75
09:50:58,24.5,25.5,24.75,25.25,25.0,25.0,25.5,24.5,24.25,25.0,24.5,25.25,24.75,24.25,25.0,24.75
09:50:58,24.5,25.5,24.75,25.25,25.0,25.0,25.5,24.5,24.25,25.0,24.25,25.25,24.75,24.25,25.0,25.0
09:50:59,24.5,25.5,24.75,25.25,25.0,25.0,25.5,24.5,24.25,25.0,24.5,25.25,24.75,24.25,25.0,25.0
09:51:00,24.5,25.5,24.75,25.25,25.0,25.0,25.5,24.5,24.25,25.0,24.5,25.25,24.75,24.25,25.0,25.0
09:51:01,24.5,25.5,24.75,25.25,25.0,25.0,25.5,24.5,24.25,25.0,24.5,25.25,24.75,24.25,25.0,24.75
09:51:02,24.5,25.5,24.75,25.25,25.0,25.0,25.5,24.5,24.25,25.0,24.5,25.25,24.75,24.25,25.0,25.0
09:51:03,24.5,25.5,24.75,25.25,25.0,25.0,25.5,24.5,24.25,25.0,24.5,25.25,24.75,24.25,25.0,25.0
09:51:04,24.5,25.5,24.75,25.25,25.0,25.0,25.5,24.5,24.25,25.0,24.5,25.25,24.75,24.25,25.0,25.0
09:51:05,24.5,25.5,24.75,25.25,25.0,25.0,25.5,24.5,24.25,25.0,24.5,25.25,24.75,24.25,25.0,25.0
09:51:06,24.5,25.5,24.75,25.25,25.0,25.0,25.5,24.5,24.25,25.0,24.5,25.25,24.75,24.25,25.0,25.0
09:51:07,24.5,25.5,24.75,25.25,25.0,25.0,25.5,24.5,24.5,25.0,24.25,25.0,24.75,24.25,25.0,25.0
09:51:08,24.5,25.5,24.75,25.25,25.0,25.0,25.5,24.5,24.25,25.0,24.25,25.25,24.75,24.25,25.0,25.0
09:51:08,24.5,25.5,24.75,25.5,25.0,25.0,25.5,24.5,24.5,25.0,24.5,25.25,24.75,24.25,25.0,25.0
09:51:09,24.5,25.5,24.75,25.25,25.0,25.0,25.5,24.5,24.25,25.0,24.5,25.25,24.75,24.25,25.0,24.75
09:51:10,24.5,25.5,24.75,25.25,25.0,25.0,25.25,24.5,24.25,25.0,24.5,25.25,24.75,24.25,25.0,25.0
09:51:11,24.5,25.5,24.75,25.25,25.0,25.0,25.5,24.5,24.25,25.0,24.5,25.25,24.75,24.25,25.0,25.0
09:51:12,24.5,25.5,24.75,25.5,25.0,25.0,25.5,24.5,24.25,25.0,24.5,25.25,24.75,24.25,25.0,25.0
09:51:13,24.5,25.5,24.75,25.25,25.0,25.0,25.5,24.5,24.25,25.0,24.5,25.25,24.75,24.25,25.25,24.75
09:51:14,24.5,25.5,24.75,25.25,25.0,25.0,25.5,24.5,24.5,25.0,24.5,25.25,24.75,24.25,25.0,25.0
09:51:15,24.5,25.5,24.75,25.25,25.0,25.0,25.5,24.5,24.25,25.0,24.5,25.0,24.75,24.25,25.0,25.0
09:51:16,24.5,25.5,24.75,25.25,25.0,25.0,25.5,24.5,24.25,25.0,24.5,25.25,24.75,24.25,25.0,24.75
09:51:17,24.5,25.5,24.75,25.25,25.0,25.0,25.5,24.5,24.25,25.0,24.5,25.25,24.75,24.25,25.0,25.0
09:51:17,24.5,25.5,24.75,25.5,25.0,25.0,25.5,24.5,24.25,25.0,24.5,25.25,24.75,24.25,25.0,25.0
09:51:18,24.5,25.5,24.75,25.25,25.0,25.0,25.5,24.5,24.25,25.0,24.25,25.25,24.75,24.25,25.0,24.75
09:51:19,24.5,25.5,24.75,25.5,25.0,25.0,25.5,24.5,24.25,25.0,24.5,25.25,24.75,24.25,25.0,25.0
09:51:20,24.5,25.5,24.75,25.25,25.0,25.0,25.5,24.75,24.5,25.0,24.5,25.25,24.75,24.25,25.0,25.0
09:51:21,24.5,25.5,24.75,25.5,25.0,25.0,25.5,24.5,24.25,24.75,24.5,25.25,24.75,24.25,25.0,25.0
09:51:22,24.5,25.5,24.75,25.25,25.0,25.0,25.5,24.5,24.25,25.0,24.5,25.0,24.75,24.25,25.0,25.0
09:51:23,24.5,25.5,24.75,25.25,25.0,25.0,25.5,24.5,24.25,25.0,24.5,25.25,24.75,24.25,25.0,25.0
09:51:24,24.5,25.5,24.75,25.25,25.0,25.0,25.5,24.5,24.25,25.0,24.5,25.25,24.75,24.0,25.0,25.0
09:51:25,24.5,25.5,24.75,25.25,25.0,25.0,25.5,24.5,24.25,25.0,24.5,25.25,24.75,24.25,25.0,25.0
09:51:26,24.5,25.5,24.75,25.25,25.0,25.0,25.5,24.5,24.25,25.0,24.5,25.25,24.75,24.25,25.0,25.0
09:51:26,24.5,25.5,24.75,25.25,25.0,25.0,25.5,24.5,24.25,25.0,24.25,25.25,24.75,24.25,25.0,24.75
09:51:27,24.5,25.5,24.75,25.25,25.0,25.0,25.5,24.5,24.5,25.0,24.5,25.25,24.75,24.25,25.0,25.0
09:51:28,24.5,25.5,24.75,25.25,25.0,25.0,25.5,24.5,24.25,25.0,24.5,25.25,24.75,24.25,25.0,24.75
09:51:29,24.5,25.5,24.75,25.25,25.0,25.0,25.5,24.5,24.25,25.0,24.5,25.25,24.75,24.25,25.0,25.0
09:51:30,24.5,25.5,24.75,25.25,25.0,25.0,25.5,24.5,24.25,25.0,24.25,25.25,24.75,24.25,25.0,25.0
09:51:31,24.5,25.5,24.75,25.25,25.0,25.0,25.5,24.5,24.25,25.0,24.5,25.25,24.75,24.25,25.0,25.0
09:51:32,24.5,25.5,24.75,25.25,25.0,25.0,25.5,24.5,24.25,25.0,24.5,25.25,24.75,24.0,25.0,25.0
09:51:33,24.5,25.5,24.75,25.25,25.0,25.0,25.5,24.5,24.25,25.0,24.5,25.0,24.75,24.25,25.0,25.0
09:51:34,24.5,25.5,24.75,25.25,25.0,25.0,25.5,24.5,24.25,24.75,24.5,25.0,24.75,24.25,25.0,25.0
09:51:35,24.5,25.5,24.75,25.25,25.0,25.0,25.5,24.5,24.25,25.0,24.25,25.25,24.75,24.25,25.0,25.0
09:51:36,24.5,25.5,24.75,25.25,25.0,25.0,25.5,24.5,24.25,25.0,24.5,25.25,24.75,24.25,25.0,25.0
09:51:36,24.5,25.5,24.75,25.25,25.0,25.0,25.5,24.5,24.25,25.0,24.5,25.25,24.75,24.25,25.25,25.0
09:51:37,24.5,25.5,24.75,25.25,25.0,25.0,25.5,24.5,24.25,25.0,24.5,25.25,24.75,24.25,25.0,25.0
09:51:38,24.5,25.5,24.75,25.25,25.0,25.0,25.5,24.5,24.25,25.0,24.5,25.25,24.75,24.25,25.0,25.0
09:51:39,24.5,25.5,24.75,25.25,25.0,25.0,25.5,24.5,24.25,25.0,24.5,25.25,24.75,24.25,25.25,25.0
09:51:40,24.5,25.5,24.75,25.25,25.0,25.0,25.5,24.5,24.25,25.0,24.5,25.0,24.75,24.25,25.0,25.0
09:51:41,24.5,25.5,24.75,25.25,25.0,25.0,25.5,24.5,24.25,25.0,24.5,25.25,24.75,24.25,25.0,25.0
09:51:42,24.5,25.5,24.75,25.25,25.0,25.0,25.5,24.5,24.25,25.0,24.5,25.0,24.75,24.25,25.0,24.75
09:51:43,24.5,25.5,24.75,25.25,25.0,25.0,25.5,24.5,24.25,25.0,24.5,25.25,24.75,24.25,25.0,25.0
09:51:44,24.5,25.5,24.75,25.25,25.0,25.0,25.5,24.5,24.25,25.0,24.25,25.0,24.75,24.25,25.25,25.0
09:51:45,24.5,25.5,24.75,25.25,25.0,25.0,25.5,24.5,24.25,25.0,24.5,25.25,24.75,24.25,25.0,25.0
09:51:45,24.5,25.5,24.75,25.25,25.0,25.0,25.5,24.5,24.25,25.0,24.5,25.25,24.75,24.25,25.0,25.0
09:51:46,24.5,25.5,24.75,25.25,25.0,25.0,25.5,24.5,24.25,25.0,24.5,25.25,24.75,24.25,25.0,25.0
09:51:47,24.5,25.5,24.75,25.25,25.0,25.0,25.5,24.5,24.25,25.0,24.5,25.25,24.75,24.25,25.0,25.0
09:51:48,24.5,25.5,24.75,25.25,25.0,25.0,25.5,24.5,24.25,25.0,24.5,25.25,24.75,24.25,25.0,25.0
09:51:49,24.5,25.5,24.75,25.25,25.0,25.0,25.5,24.5,24.25,25.0,24.5,25.0,24.75,24.25,25.0,25.0
09:51:50,24.5,25.5,24.75,25.25,25.0,25.0,25.5,24.5,24.25,25.0,24.5,25.25,24.75,24.25,25.0,25.0
09:51:51,24.5,25.5,24.75,25.25,25.0,25.0,25.5,24.5,24.25,25.0,24.5,25.25,24.75,24.25,25.0,25.0
09:51:52,24.5,25.5,24.75,25.25,25.0,25.0,25.5,24.5,24.25,25.0,24.5,25.0,24.75,24.25,25.0,24.75
09:51:53,24.5,25.5,24.75,25.25,25.0,25.0,25.5,24.5,24.25,25.0,24.5,25.25,24.75,24.25,25.0,25.0
09:51:54,24.5,25.5,24.75,25.25,25.0,25.0,25.5,24.5,24.25,25.0,24.5,25.25,24.75,24.25,25.0,24.75
09:51:54,24.5,25.5,24.75,25.25,25.0,25.0,25.5,24.5,24.25,25.0,24.5,25.25,24.75,24.25,25.0,25.0
09:51:55,24.5,25.5,24.75,25.25,25.0,25.0,25.5,24.5,24.25,25.0,24.5,25.25,24.75,24.25,25.0,25.0
09:51:56,24.5,25.5,24.75,25.25,25.0,25.0,25.5,24.5,24.25,25.0,24.5,25.25,24.75,24.25,25.0,24.75
09:51:57,24.5,25.5,24.75,25.25,25.0,25.0,25.5,24.5,24.25,25.0,24.5,25.25,24.75,24.25,25.0,25.0
09:51:58,24.5,25.5,24.75,25.25,25.0,25.0,25.5,24.5,24.25,25.0,24.5,25.25,24.75,24.25,25.0,25.0
09:51:59,24.5,25.5,24.75,25.25,25.0,25.0,25.5,24.5,24.25,25.0,24.5,25.25,24.75,24.25,25.0,25.0
09:52:00,24.5,25.5,24.75,25.25,25.0,25.0,25.5,24.5,24.25,25.0,24.5,25.25,24.75,24.25,25.0,25.0
09:52:01,24.5,25.5,24.75,25.25,25.0,25.0,25.5,24.5,24.25,25.0,24.5,25.25,24.75,24.25,25.0,25.0
09:52:02,24.5,25.5,24.75,25.25,25.0,25.0,25.5,24.5,24.25,25.0,24.25,25.25,24.75,24.25,25.25,25.0
09:52:03,24.5,25.5,24.75,25.5,25.0,25.0,25.5,24.5,24.25,25.0,24.5,25.25,24.75,24.25,25.0,25.0
09:52:04,24.5,25.5,24.75,25.25,25.0,25.0,25.5,24.5,24.25,25.0,24.5,25.25,24.75,24.25,25.0,25.0
09:52:04,24.5,25.5,24.75,25.25,25.0,25.0,25.5,24.5,24.25,25.0,24.5,25.25,24.75,24.25,25.0,25.0
09:52:05,24.5,25.5,24.75,25.25,25.0,25.0,25.5,24.5,24.25,25.0,24.5,25.25,24.75,24.25,25.0,25.0
09:52:06,24.5,25.5,24.75,25.25,25.0,25.0,25.5,24.5,24.25,25.0,24.5,25.25,24.75,24.25,25.25,25.0
09:52:07,24.5,25.5,24.75,25.25,25.0,25.0,25.5,24.5,24.25,25.0,24.5,25.25,24.75,24.25,25.0,25.0
09:52:08,24.5,25.5,24.75,25.25,25.0,25.0,25.5,24.5,24.25,25.0,24.25,25.25,24.75,24.25,25.0,25.0
09:52:09,24.5,25.5,24.75,25.25,25.0,25.0,25.5,24.5,24.25,25.0,24.5,25.25,24.75,24.25,25.0,25.0
09:52:10,24.5,25.5,24.75,25.25,25.0,25.0,25.5,24.5,24.25,25.0,24.25,25.25,24.75,24.25,25.0,25.0
09:52:11,24.5,25.5,24.75,25.25,25.0,25.0,25.5,24.5,24.25,25.0,24.5,25.0,24.75,24.25,25.0,25.0
09:52:12,24.5,25.5,24.75,25.25,25.0,25.0,25.5,24.5,24.25,25.0,24.5,25.25,24.75,24.25,25.0,24.75
09:52:13,24.5,25.5,24.75,25.25,25.0,25.0,25.5,24.5,24.25,25.0,24.5,25.0,24.75,24.25,25.0,25.0
09:52:13,24.5,25.5,24.75,25.25,25.0,25.0,25.5,24.5,24.25,25.0,24.5,25.25,24.75,24.25,25.0,24.75
09:52:14,24.5,25.5,24.75,25.25,25.0,25.0,25.5,24.5,24.25,25.0,24.5,25.25,24.75,24.25,25.0,25.0
09:52:15,24.5,25.5,24.75,25.25,25.0,25.0,25.5,24.5,24.25,25.0,24.5,25.25,24.75,24.25,25.0,25.0
09:52:16,24.5,25.5,24.75,25.25,25.0,25.0,25.5,24.5,24.25,25.0,24.5,25.25,24.75,24.25,25.0,25.0
09:52:17,24.5,25.5,24.75,25.25,25.0,25.0,25.5,24.5,24.25,25.0,24.25,25.25,24.75,24.25,25.0,25.0
09:52:18,24.5,25.5,24.75,25.25,25.0,25.0,25.5,24.5,24.25,25.0,24.5,25.0,24.75,24.25,25.0,25.0
09:52:19,24.5,25.5,24.75,25.25,25.0,25.0,25.5,24.5,24.25,25.0,24.5,25.25,24.75,24.25,25.25,24.75
09:52:20,24.5,25.5,24.75,25.25,25.0,25.0,25.5,24.5,24.25,25.0,24.5,25.25,24.75,24.25,25.0,25.0
09:52:21,24.5,25.5,24.75,25.25,25.0,25.0,25.5,24.5,24.25,25.0,24.5,25.25,24.75,24.25,25.0,25.0
09:52:22,24.5,25.5,24.75,25.25,25.0,25.0,25.5,24.5,24.25,25.0,24.5,25.25,24.75,24.25,25.0,25.0
09:52:22,24.5,25.5,24.75,25.25,25.0,25.0,25.5,24.5,24.25,25.0,24.5,25.25,24.75,24.25,25.0,25.0
09:52:23,24.5,25.5,24.75,25.25,25.0,25.0,25.5,24.5,24.25,25.0,24.5,25.25,24.75,24.25,25.0,25.0
09:52:24,24.5,25.5,24.75,25.25,25.0,25.0,25.5,24.5,24.25,25.0,24.5,25.25,24.75,24.25,25.0,25.0
09:52:25,24.5,25.5,24.75,25.25,25.0,25.0,25.5,24.5,24.25,25.0,24.5,25.25,24.75,24.25,25.0,25.0
09:52:26,24.5,25.5,24.75,25.25,25.0,25.0,25.5,24.5,24.25,25.0,24.5,25.25,24.75,24.25,25.25,25.0
09:52:27,24.5,25.5,24.75,25.25,25.0,25.0,25.5,24.5,24.25,25.0,24.5,25.25,24.75,24.25,25.25,25.0
09:52:28,24.5,25.5,24.75,25.25,25.0,25.0,25.5,24.5,24.25,25.0,24.5,25.25,24.75,24.25,25.0,25.0
09:52:29,24.5,25.5,24.75,25.25,25.0,25.0,25.5,24.5,24.25,25.0,24.5,25.25,24.75,24.25,25.0,25.0
09:52:30,24.5,25.5,24.75,25.25,25.0,25.0,25.5,24.5,24.25,25.0,24.5,25.25,24.75,24.25,25.0,25.0
09:52:31,24.5,25.5,24.75,25.25,25.0,25.0,25.5,24.5,24.25,25.0,24.5,25.25,24.75,24.25,25.0,25.0
09:52:32,24.5,25.5,24.75,25.25,25.0,25.0,25.5,24.5,24.25,25.0,24.5,25.0,24.75,24.25,25.25,25.0
09:52:32,24.5,25.5,24.75,25.25,25.0,25.0,25.5,24.5,24.25,25.0,24.5,25.25,24.75,24.25,25.0,25.0
09:52:33,24.5,25.5,24.75,25.25,25.0,25.0,25.5,24.5,24.25,25.0,24.5,25.0,24.75,24.0,25.0,25.0
09:52:34,24.5,25.5,24.75,25.25,25.0,25.0,25.5,24.5,24.25,25.0,24.5,25.25,24.75,24.25,25.0,24.75
09:52:35,24.5,25.5,24.75,25.25,25.0,25.0,25.5,24.5,24.25,25.0,24.5,25.25,24.75,24.25,25.0,25.0
09:52:36,24.5,25.5,24.75,25.25,25.0,25.0,25.5,24.5,24.25,25.0,24.5,25.25,24.75,24.25,25.0,25.0
09:52:37,24.5,25.5,24.75,25.25,25.0,25.0,25.5,24.5,24.25,25.0,24.5,25.25,24.75,24.25,25.0,25.0
09:52:38,24.5,25.5,24.75,25.25,25.0,25.0,25.5,24.5,24.25,25.0,24.5,25.25,24.75,24.25,25.0,25.0
09:52:39,24.5,25.5,24.75,25.25,25.0,25.0,25.5,24.5,24.25,25.0,24.5,25.25,24.75,24.25,25.25,25.0
09:52:40,24.5,25.5,24.75,25.25,25.0,25.0,25.5,24.5,24.25,25.0,24.5,25.25,24.75,24.25,25.0,25.0
09:52:41,24.5,25.5,24.75,25.25,25.0,25.0,25.5,24.5,24.25,25.0,24.5,25.25,24.75,24.25,25.0,25.0
09:52:41,24.5,25.5,24.75,25.25,25.0,25.0,25.5,24.5,24.25,25.0,24.5,25.0,24.75,24.25,25.25,25.0
09:52:42,24.5,25.5,24.75,25.25,25.0,25.0,25.5,24.5,24.25,25.0,24.5,25.25,24.75,24.25,25.0,25.0
09:52:43,24.5,25.5,24.75,25.25,25.0,25.0,25.5,24.5,24.25,25.0,24.5,25.0,24.75,24.25,25.0,25.0
09:52:44,24.5,25.5,24.75,25.25,25.0,25.0,25.5,24.5,24.25,24.75,24.5,25.0,24.75,24.25,25.0,25.0
09:52:45,24.5,25.5,24.75,25.25,25.0,25.0,25.5,24.5,24.25,25.0,24.25,25.25,24.75,24.25,25.25,25.0
09:52:46,24.5,25.5,24.75,25.25,25.0,25.0,25.5,24.5,24.25,25.0,24.5,25.0,24.75,24.25,25.0,25.0
09:52:47,24.5,25.5,24.75,25.25,25.0,25.0,25.5,24.5,24.25,25.0,24.5,25.0,24.75,24.25,25.0,25.0
09:52:48,24.5,25.5,24.75,25.25,25.0,25.0,25.5,24.5,24.25,25.0,24.5,25.25,24.75,24.25,25.0,25.0
09:52:49,24.5,25.5,24.75,25.25,25.0,25.0,25.5,24.5,24.25,25.0,24.5,25.25,24.75,24.25,25.25,24.75
09:52:50,24.5,25.5,24.75,25.25,25.0,25.0,25.5,24.75,24.25,25.0,24.5,25.25,24.75,24.25,25.25,25.0
09:52:50,24.5,25.5,24.75,25.25,25.0,25.0,25.5,24.5,24.25,25.0,24.5,25.25,24.75,24.25,25.0,25.0
09:52:51,24.5,25.5,24.75,25.25,25.0,25.0,25.25,24.5,24.25,25.0,24.5,25.0,24.75,24.25,25.0,25.0
09:52:52,24.5,25.5,24.75,25.25,25.0,25.0,25.5,24.5,24.25,25.0,24.5,25.25,24.75,24.25,25.25,25.0
09:52:53,24.5,25.5,24.75,25.25,25.0,25.0,25.5,24.5,24.25,25.0,24.5,25.25,24.75,24.25,25.0,25.0
09:52:54,24.5,25.5,24.75,25.25,25.0,25.0,25.5,24.5,24.25,25.0,24.5,25.0,24.75,24.25,25.0,25.0
09:52:55,24.5,25.5,24.75,25.25,25.0,25.0,25.5,24.5,24.25,25.0,24.5,25.25,24.75,24.25,25.0,25.0
09:52:56,24.5,25.5,24.75,25.25,25.0,25.0,25.5,24.5,24.25,25.0,24.25,25.25,24.75,24.25,25.0,25.0
09:52:57,24.5,25.5,24.75,25.25,25.0,25.0,25.5,24.5,24.25,25.0,24.5,25.0,24.75,24.25,25.25,25.0
09:52:58,24.5,25.5,24.75,25.25,25.0,25.0,25.5,24.5,24.25,25.0,24.5,25.25,24.75,24.25,25.25,25.0
09:52:59,24.5,25.5,24.75,25.25,25.0,25.0,25.5,24.5,24.25,25.0,24.5,25.25,24.75,24.25,25.0,25.0
09:53:00,24.5,25.5,24.75,25.25,25.0,25.0,25.5,24.5,24.25,25.0,24.5,25.25,24.75,24.25,25.25,25.0
09:53:00,24.5,25.5,24.75,25.25,25.0,25.0,25.5,24.5,24.25,25.0,24.5,25.25,24.75,24.25,25.25,25.0
09:53:01,24.5,25.5,24.75,25.25,25.0,25.0,25.5,24.5,24.25,25.0,24.5,25.25,24.75,24.25,25.0,25.0
09:53:02,24.5,25.5,24.75,25.25,25.0,25.0,25.25,24.5,24.25,25.0,24.5,25.25,24.75,24.25,25.0,25.0
09:53:03,24.5,25.5,24.75,25.25,25.0,25.0,25.5,24.5,24.25,25.0,24.5,25.0,24.75,24.25,25.0,25.0
09:53:04,24.5,25.5,24.75,25.25,25.0,25.0,25.5,24.5,24.25,25.0,24.25,25.25,24.75,24.25,25.25,25.0
09:53:05,24.5,25.5,24.75,25.25,25.0,25.0,25.5,24.5,24.25,25.0,24.5,25.25,24.75,24.25,25.25,25.0
09:53:06,24.5,25.5,24.75,25.25,25.0,25.0,25.5,24.5,24.25,25.0,24.5,25.25,24.75,24.25,25.0,25.0
09:53:07,24.5,25.5,24.75,25.25,25.0,25.0,25.25,24.5,24.25,25.0,24.5,25.0,24.75,24.25,25.25,25.0
09:53:08,24.5,25.5,24.75,25.25,25.0,25.0,25.5,24.5,24.25,25.0,24.5,25.0,24.75,24.25,25.25,25.0
09:53:09,24.5,25.5,24.75,25.25,25.0,25.0,25.5,24.5,24.25,25.0,24.5,25.0,24.75,24.25,25.0,25.0
09:53:09,24.5,25.5,24.75,25.25,25.0,25.0,25.5,24.5,24.25,25.0,24.5,25.0,24.75,24.25,25.0,25.0
09:53:10,24.5,25.5,24.75,25.25,25.0,25.0,25.25,24.5,24.25,25.0,24.5,25.25,24.75,24.25,25.25,25.0
09:53:11,24.5,25.5,24.75,25.25,25.0,25.0,25.5,24.5,24.25,25.0,24.5,25.0,24.75,24.25,25.0,25.0
09:53:12,24.5,25.5,24.75,25.25,25.0,25.0,25.25,24.5,24.25,25.0,24.5,25.25,24.75,24.25,25.25,25.0
09:53:13,24.5,25.5,24.75,25.25,25.0,25.0,25.5,24.5,24.25,25.0,24.5,25.0,24.75,24.25,25.0,25.0
09:53:14,24.5,25.5,24.75,25.25,25.0,25.0,25.5,24.5,24.25,25.0,24.5,25.25,24.75,24.25,25.0,25.0
09:53:15,24.5,25.5,24.75,25.25,25.0,25.0,25.5,24.5,24.25,25.0,24.5,25.25,24.75,24.25,25.25,25.0
09:53:16,24.5,25.5,24.75,25.25,25.0,25.0,25.5,24.5,24.25,25.0,24.5,25.0,24.75,24.25,25.0,25.0
09:53:17,24.5,25.5,24.75,25.25,25.0,25.0,25.5,24.5,24.25,25.0,24.5,25.25,24.75,24.25,25.25,25.0
09:53:18,24.5,25.5,24.75,25.25,25.0,25.0,25.5,24.5,24.25,25.0,24.5,25.0,24.75,24.25,25.25,25.0
09:53:18,24.5,25.5,24.75,25.25,25.0,25.0,25.5,24.5,24.25,25.0,24.5,25.0,24.75,24.25,25.0,25.0
09:53:19,24.5,25.5,24.75,25.25,25.0,25.0,25.25,24.5,24.25,25.0,24.5,25.25,24.75,24.25,25.25,25.0
09:53:20,24.5,25.5,24.75,25.25,25.0,25.0,25.5,24.5,24.25,25.0,24.5,25.25,24.75,24.25,25.0,25.0
09:53:21,24.5,25.5,24.75,25.25,25.0,25.0,25.5,24.5,24.25,25.0,24.5,25.25,24.75,24.25,25.0,25.0
09:53:22,24.5,25.5,24.75,25.25,25.0,25.0,25.5,24.5,24.25,25.0,24.5,25.25,24.75,24.25,25.0,24.75
09:53:23,24.5,25.5,24.75,25.25,25.0,25.0,25.5,24.5,24.25,25.0,24.5,25.25,24.75,24.25,25.25,25.0
09:53:24,24.5,25.5,24.75,25.25,25.0,25.0,25.5,24.5,24.25,25.0,24.5,25.25,24.75,24.25,25.0,25.0
09:53:25,24.5,25.5,24.75,25.25,25.0,25.0,25.5,24.5,24.25,25.0,24.5,25.0,24.75,24.25,25.25,25.0
09:53:26,24.5,25.5,24.75,25.25,25.0,25.0,25.5,24.5,24.25,25.0,24.25,25.0,24.75,24.25,25.0,25.0
09:53:27,24.5,25.5,24.75,25.25,25.0,25.0,25.5,24.5,24.25,25.0,24.5,25.25,24.75,24.25,25.0,25.0
09:53:28,24.5,25.5,24.75,25.25,25.0,25.0,25.5,24.5,24.25,25.0,24.5,25.0,24.75,24.25,25.0,25.0
09:53:28,24.5,25.5,24.75,25.25,24.75,25.0,25.25,24.5,24.25,25.0,24.5,25.25,24.75,24.25,25.25,25.0
09:53:29,24.5,25.5,24.75,25.25,25.0,25.0,25.5,24.5,24.25,25.0,24.5,25.0,24.75,24.25,25.25,25.0
09:53:30,24.5,25.5,24.75,25.25,25.0,25.0,25.5,24.5,24.25,25.0,24.5,25.0,24.75,24.25,25.25,25.0
09:53:31,24.5,25.5,24.75,25.25,25.0,25.0,25.5,24.5,24.25,25.0,24.5,25.25,24.75,24.25,25.25,25.0
09:53:32,24.5,25.5,24.75,25.25,25.0,25.0,25.5,24.5,24.25,25.0,24.5,25.25,24.75,24.25,25.25,25.0
09:53:33,24.5,25.5,24.75,25.25,25.0,25.0,25.5,24.5,24.25,25.0,24.5,25.25,24.75,24.25,25.25,25.0
09:53:34,24.5,25.5,24.75,25.25,25.0,25.0,25.5,24.5,24.25,25.0,24.5,25.25,24.75,24.25,25.0,25.0
09:53:35,24.5,25.5,24.75,25.25,24.75,25.0,25.25,24.5,24.25,25.0,24.5,25.25,24.75,24.25,25.25,25.0
09:53:36,24.5,25.5,24.75,25.25,25.0,25.0,25.5,24.5,24.5,25.0,24.5,25.25,24.75,24.25,25.0,25.0
09:53:37,24.5,25.5,24.75,25.25,25.0,25.0,25.5,24.5,24.25,25.0,24.5,25.0,24.75,24.25,25.25,25.0
09:53:37,24.5,25.5,24.75,25.25,25.0,25.0,25.5,24.5,24.25,25.0,24.5,25.0,24.75,24.25,25.25,25.0
09:53:38,24.5,25.5,24.75,25.25,25.0,25.0,25.5,24.5,24.25,25.0,24.5,25.0,24.75,24.25,25.0,25.0
09:53:39,24.5,25.5,24.75,25.25,25.0,25.0,25.5,24.5,24.25,25.0,24.5,25.25,24.75,24.25,25.0,25.0
09:53:40,24.5,25.5,24.75,25.25,25.0,25.0,25.5,24.5,24.5,25.0,24.5,25.25,24.75,24.25,25.25,25.0
09:53:41,24.5,25.5,24.75,25.25,25.0,25.0,25.5,24.5,24.25,25.0,24.5,25.25,24.75,24.25,25.25,25.0
09:53:42,24.5,25.5,24.75,25.25,25.0,25.0,25.5,24.5,24.25,25.0,24.5,25.0,24.75,24.25,25.25,25.0
09:53:43,24.5,25.5,24.75,25.25,25.0,25.0,25.5,24.5,24.25,25.0,24.5,25.25,24.75,24.25,25.25,25.0
09:53:44,24.5,25.5,24.75,25.25,25.0,25.0,25.5,24.5,24.25,25.0,24.5,25.0,24.75,24.25,25.0,24.75
09:53:45,24.5,25.5,24.75,25.25,25.0,25.0,25.5,24.5,24.25,25.0,24.5,25.0,24.75,24.25,25.25,25.0
09:53:46,24.5,25.5,24.75,25.25,25.0,25.0,25.5,24.5,24.25,25.0,24.5,25.0,24.75,24.25,25.25,25.0
09:53:46,24.5,25.5,24.75,25.5,25.0,25.0,25.25,24.5,24.25,25.0,24.5,25.0,24.75,24.25,25.0,25.0
09:53:47,24.5,25.5,24.75,25.25,25.0,25.0,25.25,24.5,24.25,25.0,24.5,25.25,24.75,24.25,25.0,25.0
09:53:48,24.5,25.5,24.75,25.25,25.0,25.0,25.5,24.5,24.25,25.0,24.5,25.25,24.75,24.25,25.0,25.0
09:53:49,24.5,25.5,24.75,25.25,25.0,25.0,25.5,24.5,24.25,25.0,24.25,25.25,24.75,24.25,25.25,25.0
09:53:50,24.5,25.5,24.75,25.25,25.0,25.0,25.5,24.5,24.25,25.0,24.5,25.25,24.75,24.25,25.25,25.0
09:53:51,24.5,25.5,24.75,25.25,25.0,25.0,25.25,24.5,24.25,25.0,24.5,25.25,24.75,24.25,25.25,25.0
09:53:52,24.5,25.5,24.75,25.25,25.0,25.0,25.25,24.5,24.25,25.0,24.5,25.0,24.75,24.25,25.0,25.0
09:53:53,24.25,25.5,24.75,25.25,25.0,25.0,25.5,24.5,24.25,24.75,24.5,25.0,24.75,24.25,25.0,25.0
09:53:54,24.5,25.5,24.75,25.25,25.0,25.0,25.5,24.5,24.25,25.0,24.5,25.0,24.75,24.25,25.0,25.0
09:53:55,24.5,25.5,24.75,25.25,25.0,25.0,25.25,24.5,24.25,25.0,24.5,25.25,24.75,24.25,25.0,25.0
09:53:55,24.5,25.5,24.75,25.25,25.0,25.0,25.5,24.5,24.25,25.0,24.5,25.0,24.75,24.25,25.25,25.0
09:53:56,24.5,25.5,24.75,25.25,25.0,25.0,25.5,24.5,24.25,25.0,24.5,25.25,24.75,24.25,25.25,25.0
09:53:57,24.5,25.5,24.75,25.25,25.0,25.0,25.5,24.5,24.25,25.0,24.5,25.0,24.75,24.25,25.0,25.0
09:53:58,24.5,25.5,24.75,25.25,25.0,25.0,25.5,24.5,24.25,25.0,24.5,25.25,24.75,24.25,25.25,25.0
09:53:59,24.5,25.5,24.75,25.25,25.0,25.0,25.5,24.75,24.25,25.0,24.5,25.0,24.75,24.25,25.0,25.0
09:54:00,24.5,25.5,24.75,25.25,25.0,25.0,25.5,24.5,24.25,25.0,24.5,25.0,24.75,24.25,25.25,25.0
09:54:01,24.5,25.5,24.75,25.25,25.0,25.0,25.5,24.5,24.25,25.0,24.5,25.25,24.75,24.25,25.25,25.0
09:54:02,24.5,25.5,24.75,25.25,25.0,25.0,25.25,24.5,24.25,25.0,24.5,25.0,24.75,24.25,25.0,25.0
09:54:03,24.5,25.5,24.75,25.25,25.0,25.0,25.5,24.5,24.25,25.0,24.5,25.0,24.75,24.25,25.25,25.0
09:54:04,24.5,25.5,24.75,25.25,25.0,25.0,25.25,24.5,24.25,25.0,24.5,25.0,24.75,24.25,25.25,25.0
09:54:05,24.5,25.5,24.75,25.25,25.0,25.0,25.5,24.5,24.25,25.0,24.5,25.25,24.75,24.25,25.0,25.0
09:54:05,24.5,25.5,24.75,25.25,25.0,25.0,25.5,24.5,24.25,25.0,24.5,25.25,24.75,24.25,25.25,25.0
09:54:06,24.5,25.5,24.75,25.25,25.0,25.0,25.25,24.5,24.25,25.0,24.5,25.0,24.75,24.0,25.0,25.0
09:54:07,24.5,25.5,24.75,25.25,25.0,25.0,25.5,24.5,24.25,25.0,24.5,25.0,24.75,24.25,25.0,25.0
09:54:08,24.5,25.5,24.75,25.25,25.0,25.0,25.5,24.5,24.25,25.0,24.25,25.25,24.75,24.25,25.25,25.0
09:54:09,24.5,25.5,24.75,25.25,25.0,25.0,25.5,24.5,24.25,25.0,24.5,25.25,24.75,24.25,25.25,25.0
09:54:10,24.5,25.5,24.75,25.25,25.0,25.0,25.5,24.5,24.25,25.0,24.5,25.25,24.75,24.25,25.25,25.0
09:54:11,24.5,25.5,24.75,25.25,25.0,25.0,25.5,24.5,24.25,25.0,24.5,25.25,24.75,24.25,25.25,25.0
10:09:09,24.25,25.25,24.75,25.25,24.75,25.0,25.25,24.5,24.25,25.0,24.5,25.25,24.75,24.25,25.0,24.75
10:09:09,24.25,25.5,24.75,25.25,24.75,25.0,25.25,24.5,24.25,25.0,24.5,25.0,24.75,24.25,25.0,25.0
10:09:10,24.25,25.5,24.75,25.25,24.75,25.0,25.5,24.5,24.25,25.0,24.5,25.25,24.75,24.25,25.25,25.0
10:09:11,24.25,25.5,24.75,25.25,25.0,25.0,25.5,24.5,24.25,25.0,24.5,25.25,24.75,24.25,25.25,24.75
10:09:12,24.25,25.5,24.5,25.25,25.0,25.0,25.25,24.5,24.25,25.0,24.5,25.25,24.75,24.25,25.0,25.0
